ID_RSSD,exists
5752863,1
5727393,1
5728831,1
4493936,1
5754586,1
3519174,1
5787959,1
2218760,1
5760699,1
283326,1
3027530,1
3213810,1
1729465,1
4412870,1
5727348,1
3506521,1
2616236,1
2569734,1
1856941,1
5741456,1
5756012,1
4719001,1
5751745,1
3512737,1
5726444,1
5807325,0
5741568,1
5289837,1
931047,1
5839166,1
5836697,1
1129328,1
5188695,1
5758520,1
4421368,1
2033879,1
2686556,1
5851702,1
2724319,1
2492609,1
3370311,1
5838619,1
5728194,1
2597223,1
2338828,1
5709531,1
1837708,1
5733385,0
3139817,1
5731082,1
5839401,1
5754607,1
3823143,1
99321,1
5760617,1
5727991,0
5693546,1
224954,1
5728493,1
5809196,1
2177326,1
2895321,1
5836950,1
5798704,1
5811238,1
5742994,1
5537127,1
975779,1
5802610,1
5658509,1
4131797,1
5792757,1
750305,1
4173863,1
102539,1
5727955,0
5757309,1
5851403,1
5808180,1
5471940,1
5829617,1
3466577,1
1720323,1
4528221,1
5561805,1
5743535,1
321152,1
5724767,1
5810062,1
1129319,1
5852398,1
5758717,1
5651117,1
256508,1
5733705,1
4400448,1
5725746,1
5312203,1
4869063,1
701772,1
565255,1
3467798,1
5657799,1
5605419,1
272030,1
5784613,1
471552,1
2169992,1
5858279,1
4437752,1
4470496,1
5727450,1
425658,1
54946,1
2498393,1
990688,1
4297684,1
5835001,1
5729575,1
5757206,0
3143757,1
5834367,1
5785320,1
3148565,0
3742244,1
1400326,1
5741175,1
453231,1
5812806,1
808354,1
5833874,1
5835261,1
1009952,1
3299814,1
226930,1
5727861,1
5836286,1
5832345,1
5817753,1
5728112,1
5809972,1
5695698,1
5857553,1
4162513,1
5839193,1
4163798,1
4153838,1
3994016,1
775120,1
534644,1
5686557,1
4496704,1
5787445,1
3068542,1
2958972,1
5760439,1
4616351,1
5811292,1
5567254,1
5825084,0
5789542,1
53800,1
3054714,1
5806841,1
5840948,1
5716883,1
5751688,1
5840920,1
5331923,1
5724011,1
5799082,1
5850947,1
5840649,1
5557675,1
5840760,1
5858224,1
5691047,0
4010427,1
4535322,1
647852,1
4159380,1
1368257,1
5788992,1
5561814,1
473855,1
3723346,1
877154,1
3637023,1
2743374,1
1220029,1
5839399,1
5756973,1
5833995,1
1915268,1
193247,1
5728886,1
5723667,1
5492123,1
541464,1
3789342,1
3436543,1
5728215,1
5757626,1
4837549,1
5810754,0
3661877,1
5716315,1
3309937,1
2948197,1
4763059,1
829564,1
5839326,1
5785263,1
4447265,1
5726154,1
5743580,1
3088429,1
5756610,1
599175,1
3741023,0
3389863,1
5835243,1
5850901,1
5786167,1
5857469,1
5768163,1
5709269,1
743062,1
3293670,1
5724057,1
1436071,1
5292707,1
249751,1
2661861,1
4465559,1
5754090,1
2489373,1
5688896,1
5760916,1
2157207,1
5758333,0
4672928,1
662396,1
4154442,1
2046392,1
5734056,1
3958821,1
5741997,1
3624153,1
5741223,1
5810866,1
3823657,1
5804995,1
513256,1
4017426,1
5733497,1
928832,1
5841477,1
5011092,1
5742396,1
5834095,1
5857816,1
5088861,1
3221851,1
623267,1
143701,1
5856172,1
5834107,1
3661729,1
645269,1
5162994,1
3389162,1
2895013,1
5807642,1
134110,1
1013070,1
5799149,0
434351,1
601171,1
1954865,1
3050275,1
5840733,1
5763038,0
5607897,1
5741719,1
2161727,1
5783120,1
3374935,1
374916,1
3292730,1
918459,1
2625359,1
5826063,1
5785526,1
3477386,1
5742707,1
5686799,1
893408,1
2975997,1
2646484,1
3667440,1
3359969,1
3310232,1
5589751,1
4536833,1
5684777,1
5851074,1
652669,1
5857647,1
3801347,1
5755387,1
4495547,1
5753039,1
5765096,1
510871,1
5837993,1
4174066,1
4144957,1
4807711,1
4157612,1
5801266,1
3606403,1
4536842,1
5783465,1
1194120,0
5754193,1
5794603,1
4536824,1
2697963,1
347273,1
5808377,1
5724561,0
5726341,1
765363,1
1448672,1
5086997,0
3462793,1
5784378,1
3764983,1
4162027,1
404578,1
868844,1
402305,1
208169,1
1926602,1
5830239,1
5783607,1
5807183,1
2731625,1
5721122,1
5825150,1
1831425,1
3792315,1
5818385,1
3676303,1
5840171,1
634973,1
247672,1
119005,1
5424928,1
4019176,1
5806908,1
2232775,1
3667066,1
5835739,1
3436860,1
499743,1
5784994,1
4560043,1
5755930,0
5783885,1
625506,0
2174884,1
5838431,1
3345270,1
5841235,1
132059,1
5190072,1
5794612,1
5734449,1
5188798,1
849704,1
5813278,1
260831,1
2814210,1
5759602,1
5826700,1
5850983,1
5734122,1
552705,1
5721627,0
243106,1
5777866,1
1439401,1
24668,1
353416,1
3027549,1
148809,1
5683855,1
3546862,1
5717714,1
5782758,1
5401938,1
769183,1
3870213,1
5812721,1
5772629,1
4792134,1
705855,1
4173630,1
5716342,1
5789533,1
5784967,1
5429473,1
597452,1
782762,1
5716164,1
411231,1
5841150,1
4172754,0
5757345,1
5432026,1
5757662,1
5783933,1
2960368,1
2174530,1
1124659,1
5777941,1
1119495,1
5452109,1
5722446,0
5833276,1
5858064,1
5756553,1
5835588,1
5835494,1
5726284,1
5807147,1
5857982,1
5685998,1
5741081,0
1361351,1
5741513,1
3458040,1
5752180,1
5840546,1
5855979,1
168227,1
5742631,1
956152,1
95677,1
417448,1
882121,1
5720871,1
40499,1
3950553,1
1238967,1
5756928,0
5783456,1
5699799,1
1128880,1
5832176,1
480965,1
3511383,1
4341037,1
3672556,1
5724721,0
4979551,0
5857272,1
120421,1
5718627,1
2177036,1
5759938,1
4805351,1
645317,1
4352202,1
964081,1
5729838,1
3019571,1
126151,1
5809785,1
5652646,1
5784846,1
3306329,1
302133,1
256432,1
5716203,1
5752304,1
123002,1
2871099,1
546562,1
3672864,1
5851917,1
5218949,1
5831450,1
5851896,1
5807389,1
210797,1
5733479,1
5801248,1
5730290,0
5036349,1
5278019,1
198813,1
3392377,1
5784051,1
813844,1
5833708,1
3162954,1
3959097,1
3628160,1
2933166,1
5825310,0
463203,1
5596816,1
4570967,1
3314892,1
5812785,1
5517147,1
2174174,1
5680975,1
3436226,1
2130406,1
74458,1
5777996,1
2988933,1
5742789,1
5839885,1
5851494,1
3187612,1
124764,1
4223861,1
4313397,1
5716070,1
5765126,1
5754700,1
1728253,1
5825927,1
5785432,1
769594,1
5727843,1
5844629,1
5840706,1
902355,1
5709492,1
5810213,1
3145470,1
4463706,1
5687367,1
5730973,1
1003839,1
5852101,1
5813326,1
5481855,1
3671997,1
5852129,1
5812178,1
897956,1
4725963,1
5808854,1
5785834,1
3412323,1
3745058,1
4173612,1
2437990,1
2718091,1
5686146,1
5710939,1
5426333,1
5810905,1
5812860,1
5809794,1
920340,1
3453924,1
5782075,1
5605295,1
4340861,1
1191370,1
5729940,1
1024580,1
3171769,1
5809422,1
5782824,1
3519165,1
4747899,1
5728381,1
5759563,1
245623,1
5786578,1
5760091,1
5831683,1
5806971,1
24006,1
5741803,1
2385514,1
4557427,1
5691234,1
5825918,1
5760952,1
5382523,0
5783876,1
916165,1
5724543,0
2632254,1
5605398,1
5813474,1
5806300,1
729440,1
5335314,1
366265,1
5829345,1
614939,1
5745306,1
773144,1
5752528,1
5723108,1
5710975,1
5755163,1
117935,1
2753319,1
3542967,1
5722398,0
5765760,1
5715055,0
5851122,1
1846090,1
4180133,1
3799387,1
473958,1
3719460,1
5787267,1
5751941,1
3779781,1
2219767,1
2702296,1
5805068,0
4173760,1
5684982,0
606608,1
5561645,1
2162724,1
5753767,1
5704451,1
1917011,1
5559893,1
5809075,1
5754559,1
3187630,1
4174020,1
5838075,1
5777884,1
5720732,0
581590,1
5842513,1
5751996,1
641775,1
5788693,1
208507,1
5759880,1
5755761,0
3615432,1
4400439,1
5725577,1
5755051,1
5780697,1
1463563,1
148238,1
4979793,1
1434321,1
4424800,1
2224408,1
5786176,1
4495444,1
5850844,1
5741410,1
1729791,1
5727487,1
5585614,1
1006205,1
827270,1
5783326,1
2833882,1
5498228,1
1129515,1
3388482,1
5785487,1
5755145,1
304762,1
2632281,1
3538867,1
4162009,1
5838066,1
399067,1
5804904,1
4318824,1
2084291,1
2848840,1
260103,1
553195,1
998509,1
5777606,1
5807709,1
5782422,1
4974350,1
5812712,1
5741492,1
5804931,1
4152907,1
4722917,1
5656466,1
5730375,0
5830332,1
215354,1
3624854,1
5756991,1
5834639,1
2314206,1
5772580,0
5811331,1
5777978,0
4158262,1
5840788,1
140157,1
5741438,1
1930074,1
2913766,1
5841253,1
5757457,0
1433445,1
5857562,1
5840621,1
4159250,1
695938,1
5009576,1
5791460,1
5825093,1
4159652,1
5722419,0
5807446,1
5742341,1
3408876,1
5663062,1
907051,1
5729520,1
32971,1
5839184,1
504610,1
5745324,1
5833070,1
5784574,1
4187936,1
5758306,0
5730795,1
1992399,1
736701,1
4801951,1
5813223,1
5852370,1
5719585,1
694904,1
458067,1
5693180,1
3139358,1
695769,1
5854954,1
5799091,1
4495538,1
5402074,1
3090048,1
5743526,1
1369777,1
5833490,1
5770698,1
349464,1
5808993,1
5784743,0
536264,1
5786185,1
5785553,1
5756393,1
5807558,1
5742891,1
4718161,1
1119105,1
52933,1
5841543,1
5743254,1
5782879,1
711931,1
5760970,1
3200623,1
3516342,1
5683725,1
15509,1
5805536,1
5851476,1
5140479,1
3696002,0
5742266,1
2046477,1
5758986,1
5709353,1
4152925,1
3628133,1
3749216,1
3201929,0
3520152,1
589943,1
5721645,1
3138829,1
5836688,0
5840957,1
3589720,1
3663901,1
5278297,1
1108435,1
5562222,1
2841467,0
949556,1
5825123,1
95079,1
5786765,1
5751914,1
104654,0
5857423,1
5727254,1
709871,1
4172446,0
5756094,1
5728710,1
5086915,1
5720077,0
5617261,1
5653719,1
1193347,1
3523489,1
5752322,1
5851092,1
1462230,1
3093218,1
5728390,1
5741278,1
5831656,1
5312593,1
5727320,1
4975946,0
5753758,1
3211937,1
5754308,1
2088637,1
5839568,1
5710966,1
2465854,1
5812392,1
2902461,1
3377114,1
3294789,1
5836969,1
5725175,1
5285389,1
4168346,1
5782860,1
5758511,1
2640848,1
5783148,1
3028902,1
3636446,1
2297998,1
4717294,1
5791862,1
319328,1
3301865,1
5839102,1
5331688,1
1244221,1
3536760,1
5777987,1
5680201,1
5833427,1
5721793,1
1857210,1
5783335,1
1204887,1
5857405,1
5787089,1
382742,1
109369,1
983055,1
3751013,1
4156147,1
5189852,1
788139,1
3718070,1
1721245,1
2300179,1
3297324,1
2250461,1
5009192,1
1399121,1
4155382,1
5808171,1
57255,1
5785302,1
5695652,1
5102196,1
5722400,0
3314799,1
2728661,1
328478,1
5783447,1
5756889,1
2872975,1
5720321,1
2847281,1
455459,1
2522702,1
5156827,1
2177184,1
3212635,1
3783854,1
888507,1
2439949,1
5786886,1
3449730,1
2700890,1
1130810,1
5704198,1
5811180,1
5692491,1
4151731,1
5718887,1
4792545,1
5728961,1
116068,1
673299,1
5737048,1
460033,1
189053,1
5783643,1
4176734,1
5829569,1
348364,1
5812664,1
687465,1
5818321,1
5336683,1
616148,1
868488,1
3358953,1
5174166,1
4495921,1
950178,1
361505,1
1729764,1
5081992,1
2085373,1
254401,1
4017015,1
5805853,1
5729212,1
897170,1
5786037,1
5742024,1
5782507,1
4495873,1
5842607,1
5553994,1
5856097,1
5609958,1
5806850,1
5854824,1
3739075,1
744845,1
2467830,1
5558908,1
5753552,1
5852053,1
5808247,1
768702,1
5743263,1
5517156,1
5831571,1
5722512,1
2144971,0
394905,1
2461100,1
5693087,1
5788787,1
5782600,1
1140266,1
819257,1
2890607,1
5851140,1
5723630,1
540476,1
3024566,1
4162586,1
5826698,1
5813568,1
666059,1
5858176,1
2856144,1
3344406,1
103255,1
5826317,1
770602,1
351766,1
2933410,0
5833418,1
5757608,1
5784172,1
5811283,1
321844,1
305059,1
2706771,0
3637014,0
863522,1
913502,1
528465,1
783862,1
5280106,1
5742743,0
5757194,0
5227183,1
5729191,1
5837247,1
868,1
4935575,1
3954681,1
5280124,1
5789364,1
851695,1
5663204,1
582159,1
5801323,1
5851971,1
1958890,1
5809141,1
5684870,1
5856211,1
4978161,1
5825329,1
3228355,0
5837032,1
1720912,1
3816556,0
5799112,1
5557433,1
5394816,1
5733723,1
5742060,1
2762704,1
4934961,1
5840050,1
3672435,1
82109,0
1965423,1
345653,1
5755060,1
2130497,1
5724048,1
5826410,1
5612761,1
5836213,1
2311326,1
5765797,1
783853,1
2131832,1
2332488,1
5816484,1
5844478,1
421463,1
5719606,1
5812749,1
5729258,1
3476709,1
1971732,1
362061,1
5809253,1
5757055,1
3048991,1
978417,1
3136366,1
281368,1
1902419,1
774262,1
5812495,1
3823929,1
4447274,1
3224991,1
5788161,1
2698625,1
2070856,1
5730870,1
3234404,1
5729892,1
5836147,1
2620680,0
5811050,1
5729829,1
5690134,1
1081239,1
5653018,1
4623247,1
5839296,1
4342481,1
5782815,1
5219151,1
5756919,0
4928344,1
5741821,1
5788312,1
5810192,1
3404980,1
961624,1
5760831,1
2881146,1
350853,1
5818200,1
5725492,0
1209426,1
5811171,1
5725148,1
1721795,1
655044,1
113339,1
3538120,1
5537369,1
4173845,1
3718650,1
2016612,1
5836446,1
915261,1
5836978,1
5836709,1
5788237,1
2648376,1
4878533,1
2942225,1
5782262,1
545284,1
5810437,1
3673937,1
4495837,1
5755378,1
872355,1
5188659,1
5282696,1
5721654,1
4241043,1
5754296,0
5785049,1
3622618,1
5683716,1
291349,1
4111397,1
2794554,1
5755819,0
5741933,1
3389890,1
157324,1
5844713,1
5786961,1
87159,1
905338,1
2816102,1
5844487,1
851033,1
5760868,1
598002,1
4104803,1
5856604,1
3367852,1
5825806,1
5680715,1
5788675,1
4988665,1
5841637,1
5808667,1
669872,0
5727973,0
5691319,1
2962661,0
4036454,1
2168810,1
2271644,1
4158310,1
5728756,1
3628889,1
5812507,1
5213971,1
5782196,1
760555,1
3389135,1
4366450,1
4616388,1
200640,1
689209,1
2462200,1
3169784,1
3430309,1
398864,1
5213515,1
2723488,1
5760783,1
5856006,1
5722101,1
4420772,1
5752939,1
2075851,1
57152,1
3300354,1
5844768,1
5785562,1
5856042,1
5612707,1
1402302,1
4153360,1
5842036,1
3102101,1
5854691,1
5742332,1
3672668,1
1444898,1
5772656,1
5805732,1
4110868,1
103059,1
5817315,1
5788134,1
5831722,1
5806346,1
1920132,1
5811489,1
1897074,1
4470825,1
5741090,1
5729472,1
4875738,1
5758687,1
1859513,1
4173676,1
3922167,1
5161018,1
5162985,0
119872,1
1951770,1
2618342,1
5759956,1
5742873,1
5840135,1
233068,1
2480567,1
5717826,1
2588454,0
5841374,1
562759,1
5496064,0
30454,1
4796338,1
5787324,1
773452,1
3645112,1
4163930,1
3268306,1
5809374,1
934431,1
5215256,1
5742659,1
5782561,1
4099516,1
5718908,1
3295227,1
5802599,1
5751875,1
2562043,1
5722222,1
5384077,1
976271,1
3101980,1
1202883,1
3108662,0
2147619,1
5788741,1
5424254,1
2509187,1
2602051,1
5758780,1
1002391,1
5835690,1
90551,1
3498194,1
5851823,1
5718681,1
294564,1
3690617,1
5833771,1
5840836,1
1980136,1
5719781,1
5788200,1
5810035,0
5741867,1
5421226,1
5278251,1
5680171,1
4174374,1
4343590,1
5851225,1
5840386,1
5730085,1
3954047,1
3392256,1
5724815,1
5551794,1
2597625,1
5746983,1
5809833,1
5725344,1
3789566,1
5825271,1
3497759,1
5046759,1
3926156,1
115436,1
5817164,1
5733974,1
5756946,1
4218700,1
4157742,1
5851010,1
5754625,1
5756209,1
685359,1
212465,1
5742604,0
193948,1
3182831,1
5826399,1
2517696,1
196275,1
4172361,0
5815777,1
3188909,1
120805,1
5517165,1
720371,1
5841561,1
5851421,1
5754661,1
5810101,0
5833173,1
5156881,1
5486869,1
5806711,1
5851131,1
5842193,1
2489645,1
5730517,1
5786653,1
822846,1
5785357,1
5012156,1
260158,1
3631599,1
5727423,1
5833463,1
5756647,1
717812,1
5741849,1
5852996,1
1880423,1
5297748,1
3702903,1
4495716,1
3499191,1
5719491,0
5852035,1
5792038,1
5755088,1
3539211,1
4143165,1
2181172,1
5792702,1
4158217,1
3268324,1
2250407,1
266637,1
5726163,1
5780905,1
1003857,1
5785067,1
2161969,1
5720134,1
5833968,1
66154,1
5835560,1
1204195,1
5787913,1
5757774,0
5805844,1
5753066,1
5798807,0
5839894,1
1189461,1
980652,1
989347,1
5672251,1
5770700,1
5784314,1
4251501,1
5844544,1
3660517,1
5529654,1
1863501,1
4174114,1
5423565,1
5794658,0
3482009,1
3090767,1
5782767,1
1015467,1
5758445,1
5535066,1
5851391,1
5734104,1
2981822,1
5300273,1
2796857,1
3843075,1
775241,1
5728206,1
3950852,1
5835832,1
3852844,1
5810679,1
4270593,1
5786363,1
71756,1
5492806,1
2493352,1
5754933,0
908290,1
5756683,1
42309,1
5759853,1
5757402,1
5783317,1
3050266,1
5838927,1
5826474,1
116554,1
5851083,1
3828483,1
5840322,1
5811498,1
3827721,1
435077,1
2100678,1
5729931,1
1361276,1
5727946,1
3510760,1
5765050,1
281890,1
5783979,1
5693443,1
5829457,1
3610455,1
3678491,1
4154451,1
5409505,0
5829381,1
5722183,1
5817155,1
4153418,1
5493885,1
5851999,1
5742079,1
5730115,1
4433633,1
3011874,1
199717,1
3775662,1
3397103,1
5750319,1
586278,1
5755538,1
3029011,1
4172419,1
5780745,1
5741764,1
133711,1
3025198,1
1864759,1
2177205,0
5741906,1
5590962,1
5760680,1
239042,1
283362,1
3136816,1
2218096,1
3347500,1
5743049,1
5813344,1
572637,1
5817173,1
962966,1
5756535,1
5782392,1
5807763,1
4159504,1
4899574,1
3730102,1
1396429,1
5818143,1
467265,1
444967,1
3223499,1
4496021,1
4012775,1
3869280,1
5807567,1
5407547,1
5850741,1
4755849,1
3676040,1
4496142,1
5782972,1
4503545,1
5724141,1
1946431,1
2140058,1
4495930,1
5809310,1
5809981,1
2458726,1
5230754,1
945969,1
3490871,1
5698662,1
5722521,1
5729445,1
5709223,1
5613991,1
617668,1
5788228,1
5784761,1
5783483,1
2034362,1
5858158,1
5809048,1
5811340,1
5730496,1
621160,1
5807110,1
5818415,1
3281903,1
3615142,1
5841039,1
2014908,1
4415880,1
5806234,1
5188686,1
4421425,1
4262767,0
5840032,1
618160,1
5729285,1
5586871,1
166849,1
3634433,1
5838002,1
5760877,1
5741474,1
5723340,1
5787146,1
4230793,1
5559857,1
776529,1
5831469,1
4525725,1
5752199,1
5742677,1
5752519,1
2482945,1
81885,1
2941509,1
5811407,1
14650,1
4154189,1
96704,1
5791479,1
5784837,1
1435328,1
1076525,1
605106,1
5755284,1
4755876,1
5764558,1
3370320,1
127224,1
5798731,1
5742547,1
5810857,1
599054,1
2604475,1
3449794,1
868442,1
5760055,1
5533697,1
555304,1
5309173,1
3793901,1
5729481,1
5722642,1
5725269,1
5810473,1
538950,1
5754670,1
5693135,1
5412149,1
5758799,1
5850750,1
2177090,1
5695689,1
3653265,1
116666,1
970774,1
5318773,1
5782749,1
5730209,1
4096252,0
4240943,1
5777549,1
3314735,1
5708673,1
5805095,0
5806832,1
4125778,1
3037669,1
5759581,1
3677328,1
2988746,1
5841383,1
2440253,1
4172398,1
1120790,1
3439441,1
687362,1
5810222,1
4447283,1
5806261,1
5805554,1
5782589,0
5687273,1
5627019,1
4911092,1
4534192,1
5741166,1
5729865,1
3816163,1
3150205,1
5758584,1
5660043,1
5692745,1
3395293,1
5852240,1
5810950,1
575405,1
5742583,1
4165671,1
3630426,1
5763225,1
5756003,1
2597232,1
757779,1
5730124,1
5783429,1
5741894,1
4495686,1
2087201,1
5818282,1
5657810,1
5786635,1
5836754,1
5763010,0
1720921,1
2110640,1
3917592,1
5837014,1
5851618,1
5663053,1
107459,1
3744677,1
5757121,0
1187551,1
5835092,1
5755323,1
2495208,1
3960187,1
5825495,1
5752667,1
5813988,1
5785861,1
5397796,1
5758324,0
5838150,1
5745276,1
5694066,1
5652440,1
3453036,1
5765818,1
77253,1
5754803,1
406161,1
2457420,1
5783634,1
94223,1
5759796,1
2406307,1
5755462,1
4294393,1
563457,1
4672982,1
3340949,1
5791947,1
4724993,1
5833810,1
5813081,1
3816510,1
5450383,1
5737141,1
5829411,1
5756508,1
12656,1
5754577,1
3867008,1
5651443,1
5324578,1
3676022,0
2895004,1
5792122,1
246125,1
418427,1
452207,1
4456605,1
5730227,1
5554021,1
5792551,1
1739080,1
1411322,1
1404968,1
4436849,1
4957027,1
1357961,1
5760943,1
5729717,1
2502656,1
5783764,1
3539190,1
5741531,1
2581790,1
3978061,1
2295471,1
5450365,1
2580234,1
5752331,1
4158178,1
305956,1
954970,1
5826483,1
710653,1
543150,1
5721159,1
4241454,1
5841196,1
4272869,1
5792092,1
5730852,1
1412619,1
2075785,1
5190090,1
3182989,1
2581811,1
5811304,1
758105,1
5841169,1
5654444,1
4180955,1
3733112,1
5534537,1
5728224,1
4495903,0
5723797,1
930189,1
742609,1
919755,1
4967370,1
247654,1
2218153,1
5785692,0
5684320,1
5836428,1
5789168,1
5839214,1
2084330,1
2131805,1
5789010,1
4459848,1
1231780,1
5729098,1
5841990,1
5614402,0
5779196,1
5729324,1
4391658,1
5784181,1
5727656,1
5757112,1
5525955,0
5728103,1
5737178,1
502111,1
5657324,1
5752854,1
5834358,1
5760635,1
5691225,1
5787379,1
5689848,1
2257415,1
3641534,1
5190362,1
5783371,1
2490351,1
2839071,1
1575569,1
3389171,1
519856,1
4340526,1
5720086,0
5718793,1
4264378,1
887461,1
5559802,0
2356354,1
5756218,1
5166086,0
5844731,1
5848364,1
5756601,1
3183481,1
360393,1
5807352,1
2086129,1
2340193,1
3343995,1
5855607,1
5849473,1
5826773,1
5724758,1
5741214,1
2785646,1
5721104,1
5782235,1
5840041,1
5760653,1
5783344,1
3725135,1
1126523,1
3359866,1
3673218,1
3213904,1
223069,1
3300747,1
3718230,1
2103165,1
654261,1
3491337,1
649070,0
161107,1
5805871,1
2870597,1
5835542,1
777441,1
2969268,1
4173582,1
5717750,1
5205930,1
3820713,1
2452902,1
5721131,0
5789391,1
4514970,1
2865490,1
1393017,1
2961897,1
3394979,1
5741586,1
5752274,1
3083264,1
5724598,0
2813996,1
5836259,1
3497049,1
3258192,1
5782169,1
5804883,1
2912545,1
3777424,1
2286442,1
522847,1
2859275,1
759009,1
5727786,1
5725296,1
5754719,1
2596637,1
2177269,1
5723322,1
5808555,1
5613236,1
5788974,1
3683552,1
5840582,1
5730982,1
989963,1
5728738,1
3689732,1
2174558,1
5734328,1
253262,1
2802712,1
5855821,1
1416961,1
2246259,1
4167068,1
5104378,1
3682555,0
479156,1
5806270,1
3379211,1
5804128,1
5858309,1
5720572,1
5724039,1
410168,1
3439469,1
5812534,1
5813232,1
728863,1
5281550,1
5659515,1
2041445,1
2798655,1
5725410,1
5205819,1
2948179,1
5840096,1
5755604,1
5728130,1
4533757,1
5754111,1
5734168,1
5756058,1
1414172,1
5754232,1
2993067,1
3187434,1
5841226,1
5788170,1
53976,1
208860,1
1981272,1
3450736,1
5729986,1
4096298,1
5166349,1
104421,1
875459,1
5075496,1
1411500,1
253776,1
239323,1
2377386,1
537159,1
179474,1
5836101,1
933621,1
5834871,1
893248,1
5756571,1
5496000,1
4154161,1
5737150,1
5850817,1
5743179,1
4979113,1
3544952,1
5724785,1
5719679,1
3818297,1
4495426,1
5844450,0
3923276,1
5730825,0
3503669,1
5757448,1
354,1
4405005,1
1914421,1
5808957,1
5193989,1
3129087,1
5854767,1
3721025,1
3399031,1
5806878,1
5839607,1
5808797,1
517955,1
4317489,1
5812646,1
5727245,1
1495489,1
5844674,1
5826308,1
5658040,1
5818228,1
2267665,1
5763234,1
1433173,1
4218719,1
3158797,1
3273515,1
5829390,1
764058,1
5754885,1
408268,1
4500003,1
159896,1
5725287,1
90421,1
5759684,1
5105384,1
5742761,1
3736289,1
4422132,1
5680621,1
4935557,1
1168402,1
5810174,1
2095961,1
5729959,1
5843930,1
3233126,1
2959719,1
5804164,1
5741876,1
5376670,0
1856790,1
3697205,1
5794667,1
2673565,1
5841646,1
3927210,0
5692996,1
4176266,1
4988991,1
5813317,1
3446225,1
5854749,1
4152185,1
1961425,1
5742499,1
23803,1
550091,1
5728626,1
5734494,1
5784163,1
5062357,1
5826296,1
5841682,1
5837957,1
475541,1
752907,1
5013331,1
3385463,1
5556847,1
4523105,0
3440830,1
5563126,0
4042222,1
5806551,1
5788750,1
5787977,1
5751754,1
5516609,1
4157546,1
1872996,1
474469,1
5734681,1
5747029,1
3977541,1
5720705,1
1825817,1
5812673,1
5839540,1
5787418,1
189044,0
4157564,1
5718690,1
4586490,1
955315,1
1166060,1
5723395,1
5782253,1
2818665,1
807562,1
5787025,0
5584662,1
1988655,1
4173742,1
5785508,1
235754,1
4521606,1
426150,1
2687919,1
5729146,1
5838981,1
5758959,1
2192954,1
5742510,1
917621,1
5858297,1
5694673,1
5787968,1
2712017,1
3132788,1
5755903,0
5786514,1
4159401,1
2847254,1
5829439,1
5684928,1
5733349,1
242565,1
5726565,1
5712728,1
5717321,1
5783036,1
2976378,1
5810615,1
5729409,1
5756160,1
3445460,1
1436361,1
39970,1
5798964,1
3402913,1
801458,1
3597677,1
5753936,1
5833838,1
5785843,1
3491234,1
209474,1
5809226,1
5650893,1
5752117,1
3981865,1
5785197,1
4718518,1
5756825,1
222446,1
4493981,1
678650,1
5046928,1
5717769,1
2174521,1
5811425,1
5758623,1
5413847,1
3642308,1
5839362,1
5149847,1
5835793,1
684969,1
4394181,1
69940,1
2336806,1
1591167,1
5826755,1
876689,1
5809132,1
5720808,1
5760961,1
5742538,1
5171026,1
5798861,1
442909,1
4321721,1
484141,1
5757859,1
2849801,1
4542366,1
5694338,1
5757046,1
2046383,1
5826492,1
3502831,1
5832372,1
5756580,1
5755127,1
941055,1
5820360,1
354132,1
5424795,1
2539317,1
5783269,1
5782057,1
338011,1
5715019,1
5858242,1
5798722,1
5725399,1
1221361,1
5798982,1
3118399,1
5716089,1
5783474,1
3439692,1
5756469,1
564034,1
5754139,1
3911657,1
4084688,1
5613610,1
4253176,1
5729351,1
5757952,1
2113315,1
2296133,1
5722213,1
5789056,1
1726857,1
4234401,1
257103,1
1977480,0
5731103,1
3565461,1
5397929,1
5858037,1
3594872,1
5838262,1
5716155,1
84550,1
5756982,1
5765788,1
5809806,1
843953,1
5808386,1
5587083,1
5733406,1
5588969,1
255305,1
5538982,1
2045023,1
5785535,1
3106305,1
5720853,1
714361,1
737696,1
4159924,1
5812963,1
2112541,1
2267683,1
5741344,1
5718720,1
4292344,1
420466,1
1387418,1
4173649,1
749635,1
5390528,1
5755891,0
4494296,0
4477169,0
5743544,1
5787212,1
25526,1
5741773,1
351449,1
4535199,1
5425420,1
5727638,1
5484137,1
306140,1
1026632,1
2868549,1
5851850,1
864257,1
5719651,1
907163,1
2086530,1
2001056,1
5839120,1
5401657,1
90104,1
5743151,1
2176749,1
5826054,1
2272089,1
3437205,1
2250265,1
984650,1
5754643,1
5066328,1
5763065,1
3799592,1
2518620,1
5782833,1
5729333,1
5752087,1
5787294,1
5743450,1
5472880,1
5743441,1
989927,1
2596646,1
5857722,1
5758726,1
3950647,1
5694123,1
5858345,1
3762831,0
5718636,1
5217531,1
5617131,1
5782646,1
5751950,1
4310378,1
5826036,1
5785982,1
5538610,1
5734140,1
4423184,1
5516382,1
5587766,1
5585306,1
4176752,1
2352235,1
5807240,1
5810316,1
5784350,1
125761,1
5755426,1
5618996,1
5791497,1
363750,1
4600789,1
4495707,1
2177157,1
704942,1
176763,1
2711980,1
5757149,1
3213333,1
5777679,1
3679407,1
5544479,1
4269113,0
5805116,1
3266777,1
735414,1
5727704,1
5810848,1
617538,1
5755033,1
5826205,1
5808135,1
5812477,1
5757644,0
4905840,1
5810893,1
1720846,1
5833847,1
5726387,1
3181049,0
2881155,1
300942,1
5835449,1
5722727,1
5840144,1
4162643,1
5686070,1
3089453,1
5839876,1
5044719,1
851172,1
5838646,1
5561775,1
1870723,1
2694074,1
1005703,1
5787436,1
2442266,1
1016754,1
5759750,1
4633844,1
622765,1
2120667,1
3669079,1
5680948,1
791746,1
2848680,1
5812842,0
5756526,1
5787221,1
701987,1
3663983,1
5840078,1
5838383,1
5290767,0
5754036,0
5513167,1
5745463,0
5752201,1
5757701,1
2747158,1
275460,1
3511495,1
5371479,1
4724032,1
2968793,1
5836129,1
4173872,1
5784079,1
5839979,1
3507041,1
5780419,1
1722028,1
5401563,1
5810343,1
4157658,1
5752500,1
5760064,1
947495,1
3279807,1
5559884,1
5759077,1
2849548,1
4873453,1
5810932,1
967792,1
5812691,1
3986459,1
5815580,1
2108469,1
3429116,1
5581278,1
5755547,1
4990387,1
443401,1
664073,1
5722781,1
5686520,0
3459720,0
5718711,1
3459391,1
4154460,1
656247,1
417158,1
5844601,1
350312,1
5514230,1
5450486,1
4493824,1
2187213,1
5585829,1
5841600,1
1095469,1
989208,1
5806935,1
3619476,1
5728550,1
3345449,1
1844902,1
5783438,0
5724422,1
5743414,1
5756900,1
5850826,1
5799886,1
5721702,1
5495900,1
5811715,1
347358,1
5806467,1
5300406,1
5814257,1
703253,1
3622252,1
5838404,1
1741364,1
5724299,1
152301,1
613950,1
5772599,1
5723416,0
5709205,1
2429904,1
5777428,1
219286,1
4170291,1
5605259,1
2472508,0
5844496,0
3658541,1
4495510,1
339915,1
2340661,1
242556,1
5721186,1
5833904,1
3679470,1
237020,1
665034,1
5308215,1
141154,1
5725072,1
3952379,1
1378694,1
5840153,1
5752144,1
5832998,1
4332987,1
832470,1
5818590,1
4495985,1
2177278,1
2695763,1
5760886,1
4442475,1
5734092,1
5788732,1
5745388,0
5731091,1
1073636,1
5792663,1
5680667,1
2853862,1
5757943,1
4420781,1
5730254,1
4519126,1
5780727,1
5729267,1
5173637,1
2933120,1
5836307,1
896605,1
5760505,1
4174057,1
685461,1
4173603,1
3384372,1
324078,1
5837863,1
5832354,1
5612967,1
5787762,1
4853914,1
5837265,1
5817409,1
5742800,1
5742695,1
5616929,1
3108233,1
5397787,1
4154068,1
5783308,1
5815562,1
4101709,1
409966,1
2981505,1
3664793,1
3147661,1
5056141,1
609823,1
3490497,1
1952526,1
649874,1
5397358,1
1170795,1
5807398,1
407618,1
1378434,1
2650333,1
3947106,1
5757233,1
3220229,1
3073920,1
5723742,1
5808519,1
5448540,1
4533364,1
5337158,1
5837050,1
3408867,1
5835766,1
3422658,1
3388996,1
141015,1
841838,1
5781489,1
116901,1
5765742,1
934365,1
5755583,1
5716306,1
294386,1
5534023,1
1248939,1
5809039,1
2470643,1
5814770,1
517049,1
5650370,1
5818330,1
2177308,1
3433186,1
5752649,1
5804100,1
5841879,1
1725887,1
3502747,1
4104821,1
5759086,1
5807419,1
5789467,1
4464954,1
5759947,1
992600,1
5752872,1
1246793,0
1067532,1
5737187,1
5806298,1
5834228,1
4418779,0
5760701,1
693251,1
5139446,1
5785058,1
3010233,1
3063435,1
732507,1
2102168,1
693662,1
5718823,1
5743133,1
5840724,1
5663213,1
3599578,1
3552715,1
5763047,1
5802713,1
720063,1
5754540,1
2130415,1
5474147,1
5589416,1
3346183,1
5189973,1
5755574,1
5807165,1
5812347,1
2606684,1
5619649,1
5308000,1
5759572,1
5721636,1
2809038,1
5833502,1
5841459,1
5782785,1
2161875,1
5723724,1
4154808,1
5855867,1
5725960,1
5758810,1
817691,1
5835131,1
1428115,1
5814538,1
5792636,1
4642725,1
5806560,1
609056,1
459354,1
5829448,1
5754773,1
399058,1
2517744,1
5826193,1
4159979,1
5592313,1
5759125,1
2177241,0
5810080,1
802101,1
895505,1
5743058,1
1204832,1
2159612,1
5811126,1
5818394,1
3224478,1
5660267,1
872560,1
5755846,1
3182952,1
5798870,1
5839634,1
69539,1
4494308,0
5779262,1
5838785,1
5729436,1
5844508,1
2072962,1
3055270,1
5725193,0
3234011,1
5826120,1
5734300,1
5814912,1
4868226,1
16878,1
5743302,1
3731743,1
5306640,1
5804810,1
1955219,1
4159045,1
5728970,1
5743375,1
1880496,1
5779253,1
5755097,1
4125572,1
5826027,1
4158637,1
5829541,1
5730236,1
5743142,1
5745436,0
548977,1
5723117,1
5693032,1
2612519,1
5852204,1
2022538,1
5805022,1
1391303,1
4227186,1
476342,1
3076220,1
5734001,1
5727852,1
841436,1
5741559,1
45560,1
5807585,1
3219175,1
5722174,1
2813491,1
1011601,1
5725821,1
5743188,1
2986407,1
3388558,1
3704532,1
688202,1
5757635,0
5743496,1
2114200,1
3212149,1
1109496,1
5675122,1
2855866,1
2038614,1
5399884,1
1826364,1
5851757,1
5729539,1
3679434,1
3997464,1
5741120,1
5836455,0
5742967,1
5841404,1
5810231,1
5841431,1
5787856,1
5752096,1
3920462,1
5743384,1
5858091,1
5806355,1
4721853,1
5764512,1
5811395,1
4493972,1
3158779,1
5754344,1
2990196,1
3923285,1
2087667,1
753463,1
5755211,1
640648,1
30098,1
465672,1
3362325,1
2576237,1
5610673,1
5787753,1
3391129,1
5829402,1
228251,1
4159942,1
5842214,1
2518518,1
5826728,1
533526,1
5758931,1
3402838,1
3742945,1
2312686,1
2712307,1
461870,1
3701214,0
694678,1
785969,1
656546,1
5147656,1
4246534,1
3525652,1
4495994,1
5756272,1
430625,1
3470930,1
5750841,1
3379976,0
4173519,1
4984238,1
5729650,1
5838637,1
5787333,1
5725773,1
5787539,1
5829578,1
829452,1
5785816,1
2803595,1
680653,1
2303769,0
2163507,1
5759385,1
3467136,1
5754027,0
2706931,1
2174660,1
2021102,1
5786587,1
207603,1
2176637,1
5722996,1
2174754,1
5784592,1
423038,1
4419347,1
5758566,1
2466972,1
5742154,1
5782909,1
5728149,1
5754287,1
5784088,1
367552,1
1159996,1
5836099,1
3451742,1
5806391,1
3177163,1
5725429,1
1381519,1
17606,1
2292452,1
5760756,1
5757297,1
2760063,1
5829466,1
4285261,1
2093949,1
3663264,1
5838806,1
5683604,1
240310,1
1435757,1
5826223,1
5589724,1
3167490,1
2174138,1
2918800,1
3527852,1
5162707,1
2218180,1
5851382,1
5763122,1
5857245,1
4494344,1
5812851,1
5788442,1
5725102,1
2175041,1
5754120,1
4978068,1
517384,1
5840863,1
377560,1
5722428,0
2175023,1
3465226,1
5818684,1
5830275,1
4174048,1
1478231,1
5743665,1
5807745,1
5783054,1
945875,1
5783942,1
3677270,1
3344022,1
3183780,1
2966155,1
5419045,1
5782404,1
5792793,1
5749180,1
4343796,1
3438958,1
1829,1
625065,1
3932009,1
5650923,1
315124,0
5757747,0
5691449,1
767040,1
5741858,1
5219142,1
1118797,1
5742798,1
5810398,1
214601,1
5855906,1
3269648,0
5657119,1
307932,1
3406797,1
5784501,1
5851449,1
5844722,1
5754353,1
5807231,1
1117697,1
642969,1
5425233,1
5839278,1
5784033,1
5784556,1
5730012,1
4399579,1
990165,1
5783652,1
5724196,1
5041099,1
5778005,1
4228165,1
4306072,1
5563416,1
3628142,1
5777950,1
5654136,1
153894,1
5742202,1
5555907,1
5783661,1
5786336,1
2448763,1
3678530,1
5834013,1
4638782,1
5836727,1
5841570,1
5704415,1
4153520,1
746465,1
5788714,1
2272016,1
5813148,1
5834675,1
975452,1
5726257,1
836058,1
4079693,1
3467,1
5751,1
4516303,1
883137,1
5757970,0
5730423,0
177274,1
1486704,1
3719518,1
5786000,1
5844665,1
3184013,1
5787557,1
5857928,1
5810745,1
348252,1
5785450,1
4185905,1
5836594,1
515821,1
4174440,1
3660375,1
2300478,1
5758605,1
761806,1
5620168,1
2925723,1
3686928,1
5833100,1
918543,1
3229138,1
2300508,1
5777857,1
1481745,1
5818134,1
5757372,1
5806720,1
5840265,1
3462485,1
5729584,1
4844846,1
5789337,1
5743076,1
146672,1
5835476,1
5839410,1
1856905,1
5813111,1
2174893,1
4414182,1
5730160,1
4159335,1
108652,1
5834040,1
5802629,1
5734029,1
5741102,1
5683761,1
2741325,1
2090050,1
5538106,1
5839586,1
5605240,1
5835672,1
5841936,1
751302,1
3118401,1
5788107,1
5759095,1
5449604,1
3878705,1
5741465,1
1177936,1
5759068,1
3236314,1
1575596,1
1360055,1
1730180,1
2162694,1
2847272,1
5841280,1
5754894,1
5787931,1
5804856,1
4159670,1
5741287,1
5813287,1
5838655,1
5842045,1
5808153,1
2001364,1
5839867,1
515371,1
4433576,1
2316714,1
3383384,1
5450543,1
5751932,1
3081970,1
5730777,1
3226089,1
143859,1
4997069,1
5782730,1
5836503,1
2818553,1
5757363,1
2088600,1
4935539,1
478252,1
4013727,1
5787593,1
3695993,1
4270333,1
673132,1
5789074,1
3958362,1
3439432,1
991760,1
967260,1
5728327,1
5781957,1
886473,1
439,1
3592207,1
1207785,1
5857900,1
5785218,1
5743030,1
5723836,1
4464936,1
4967950,1
5733415,0
5731064,1
5786493,1
5721140,1
5755770,0
4998422,1
5857889,1
5529001,1
229584,1
5785722,1
2962689,1
2816465,1
2611482,1
5718702,1
5728279,1
3166493,1
5792029,1
3595637,1
2292489,1
5759358,1
5226113,1
5784891,1
5840993,1
5798889,1
5787360,1
2501891,1
933863,1
5812217,1
4159344,1
5737132,1
753324,1
5837395,1
5851029,1
1201671,1
629643,1
5838794,1
5689736,1
4868235,1
5750289,1
5729007,1
5792131,1
5685831,1
5814248,1
5838963,1
5831610,1
3057818,1
3509586,1
5591044,1
5723809,1
959715,1
5574430,1
2176431,1
5754979,0
5759536,0
5779271,1
555395,1
253468,1
3439450,1
5787203,1
414250,1
5742752,1
5856190,1
5834134,1
5729182,1
3309928,0
5807503,1
4437725,1
60170,1
3612468,1
406219,1
5826438,1
4256962,1
5278028,1
1250138,1
4182481,1
1247576,1
2162706,1
2131841,1
5779299,1
5789382,1
5840283,1
2272614,1
1386701,1
2177081,1
3837832,1
969367,1
5543904,1
5835711,1
2176730,1
642857,1
5844704,1
5856480,1
5808322,1
2228862,1
5424919,1
4175410,1
5719512,0
5722790,1
5779244,1
5835113,1
5626964,1
830645,1
3880146,1
5826214,0
5719307,1
4999205,1
251558,1
5777594,1
5782794,1
5449789,0
5833717,1
5792739,1
5812301,1
5835391,1
2611679,1
3595271,1
5784752,0
5786466,1
5779301,1
2845353,1
2605593,1
2492887,1
3385164,1
5685925,0
5751923,1
537225,1
4493356,1
4720810,0
5003631,1
3922194,1
5734506,1
4396608,1
3216688,1
5716061,1
154743,1
922438,1
3279759,1
244952,1
3310997,1
5730478,1
5759170,1
5537462,1
5691681,1
2483120,1
5743517,1
2932637,1
5536652,1
859310,1
870436,1
3487620,1
5840229,1
3368345,0
3051580,0
5121151,0
5816840,1
5216178,1
5718805,1
5690545,1
5734690,1
5852268,1
5854851,1
5789207,1
2179544,1
3288957,1
5085972,1
5789458,1
2599795,1
5825141,1
5217728,1
227254,1
3228364,1
5734430,1
5812226,1
5756834,1
5718645,1
2249625,1
5807530,1
4525930,1
5743003,1
4868918,1
5757176,1
5528880,1
5841851,1
5680180,1
4159933,1
5581063,1
5759974,1
5770906,1
5242908,1
2347183,1
954130,1
5724226,1
3612525,1
1824623,1
3813546,1
5536915,1
5812552,1
5658,1
178561,1
5722110,1
5789065,1
2314260,1
5726190,1
5809767,1
2604493,1
5723881,1
5840630,1
5783746,1
4363646,1
5727526,1
5825169,1
4717173,1
3226762,1
5758267,0
5730450,1
5728701,1
3675865,1
5743553,1
149495,1
5730106,1
5588802,1
300456,1
1865729,1
157856,1
3248045,1
593052,1
968865,1
5765809,1
2076326,1
5792690,1
3160606,0
5857964,1
5692978,1
4281469,1
1862719,1
5825879,1
5836790,1
5858194,1
5807811,1
438368,1
5781920,1
451246,1
1725953,1
5831544,0
4110,1
5355264,1
608442,0
2452881,1
5450552,1
94447,1
5754063,0
5755417,1
5492776,1
2220503,1
4494223,1
746241,1
4173948,1
5806702,1
5807192,1
5733488,0
4302430,1
430791,1
5723788,1
5840911,1
2872694,1
2483782,0
5851588,1
5001271,1
2539081,1
4096225,1
5352973,1
5786989,1
5751718,1
4173975,1
5656149,1
672377,1
507330,1
5840023,1
2169750,1
5770876,1
853475,1
5791451,1
4220208,1
5559875,1
237655,1
4307501,1
1250204,1
3118362,1
5788862,1
5724619,0
410270,1
2458566,1
5834143,1
5809262,1
2728803,1
5840199,1
964157,1
5752742,0
5787155,1
4901806,1
5724712,1
444471,1
5742257,1
3830413,1
5725586,1
5754399,1
5841114,1
5785825,1
2175014,1
4443016,1
3459216,1
5804968,1
5838244,1
5753981,1
5752032,1
5544488,1
5838084,1
285937,1
33268,1
97925,1
5758294,0
5785638,1
2044969,1
2608567,1
3148266,1
921178,1
4344243,1
3109520,1
5783184,1
5858336,1
2315986,1
5719660,1
3389920,1
5214334,0
5805086,1
5742556,0
2085636,1
5657780,1
253806,1
4400550,1
3554782,1
2419080,1
5818303,1
4158132,1
3100871,1
5752591,0
3008753,1
2875846,1
5728925,1
5156818,1
124317,1
5721010,0
5589087,1
1206760,1
4443427,1
3360442,1
5759107,1
4108070,1
3825080,1
5757411,1
185318,1
5838057,1
5829514,1
863175,1
3723252,1
2917063,1
5826250,1
2300496,1
3250187,1
122902,1
5807754,1
66109,0
1135404,1
5852745,1
5741401,1
5829626,1
5337998,1
5850899,1
5302615,1
5857003,1
5757578,1
2755706,1
4173658,1
717670,1
3672453,1
5785759,1
4496058,1
5837975,1
307334,1
5741616,1
5764455,1
3398623,1
5558560,1
606653,1
3611096,1
5511677,1
5760028,1
5784369,1
3182747,1
5818705,1
5729641,1
5804061,1
1398311,1
3929036,1
2174679,1
4331757,1
3471928,1
5752014,1
3511404,1
2882125,1
5693528,1
1133286,1
3342420,1
565264,1
5798795,1
5756142,1
5754278,0
3527843,1
487843,1
5811201,1
2945440,1
3065206,1
5806515,1
3233313,1
1364286,1
3527834,1
5398010,1
5841495,1
4173500,1
5728532,1
5805004,1
5741988,1
5787182,1
5850992,1
5759134,1
5858411,1
182755,1
419460,1
5783063,1
4725299,1
1436213,1
1015832,1
3973888,1
3523005,1
5811247,1
241157,1
5724244,1
337395,1
5756807,0
5855054,1
3121643,1
5841628,1
2427870,1
5833445,1
5724570,0
5657566,1
5851775,1
5788077,1
197254,1
5758436,1
3165384,1
4175401,1
5833623,1
5794836,1
4981554,0
318705,1
3946837,1
5743160,1
5760082,1
5728176,1
3522129,1
5782945,1
5756638,1
5788095,1
2177410,1
5164448,1
423551,1
459046,1
5751651,1
888002,1
5785124,1
2082233,1
530262,1
1856811,1
5829587,1
2616478,1
2349459,1
5741139,1
5728439,1
4156268,1
5831704,1
435255,1
2300526,0
5758892,1
3454088,1
4176275,1
595524,1
804963,1
2744090,1
5654314,1
1397882,1
5809936,1
1729401,1
5783803,1
5754214,1
250953,1
2809010,1
5832411,1
4953346,1
131650,1
5838105,1
5757756,1
5838888,1
2218014,1
403517,1
3769063,1
5735446,1
5816989,1
3816190,1
432058,1
5842102,1
4758309,1
3232240,1
2807173,1
5811313,1
2161811,1
200864,1
5831508,1
520665,1
5745427,0
856207,1
5818714,1
3359875,1
4139373,0
323905,1
5763056,1
557317,1
5719624,1
5758502,1
5731112,1
793058,1
267157,1
5684030,1
4575038,1
2083623,1
5719473,0
2161763,1
5741698,1
5765751,1
4258069,1
5725643,1
680952,1
3630903,1
5804089,1
5753057,0
5100884,1
2236728,0
3631601,1
2174688,1
5733394,0
2175005,1
5784480,1
3793862,1
3213089,1
3389902,1
5789113,1
5810491,1
63658,1
5741241,1
588517,1
4541341,1
5754371,1
2619376,1
411512,1
5728792,1
5851524,1
5788880,1
3444016,1
5833986,1
5752881,1
195513,1
5561784,1
4157984,1
3451407,1
3640470,0
5587467,1
5807718,1
5807697,1
3684027,1
5807259,1
2060576,1
2264150,1
5318410,1
4868909,1
848574,1
5671290,1
4932136,1
4156204,1
3101645,1
2522784,1
1729782,1
5813456,1
5307665,1
4159063,1
3849983,1
3652129,1
947329,1
1213049,1
3954524,1
5191583,1
2710947,1
5685916,0
5724150,1
3394791,1
4173715,1
5809897,1
5787940,1
1201448,1
5842166,1
4792022,1
3504572,1
3876587,1
5810709,1
5756843,1
5755958,0
4962432,1
5835485,1
5826456,1
5807204,1
5851458,1
260868,1
5704424,1
5556409,1
5836222,1
5755109,1
2072346,1
3852031,1
5742042,1
5758557,1
5712625,1
5807071,1
2378589,1
2934239,1
741273,1
5755789,0
1883321,1
5838552,1
5798816,1
5839559,1
5834198,1
5140385,1
5728765,1
5730861,1
5743357,1
2085391,1
4788566,1
5810633,1
4076807,1
1823550,1
3466205,1
2804510,1
5313442,1
444408,1
5857768,1
506922,1
5754326,0
5840126,1
496096,1
3747904,0
5192496,1
4471523,1
4099543,1
715377,1
1725926,1
5725438,1
5755293,1
5758548,1
5397817,1
722160,1
5758801,1
3640537,1
131502,1
2287047,1
5858318,1
5787548,1
5810718,1
5849772,1
5809114,1
5743629,1
5787098,1
340809,1
754200,1
3337190,1
2748614,0
228158,1
5759554,0
5737114,1
5789140,1
5720161,1
338525,1
356613,1
5700631,1
3427680,1
5743366,1
4878524,1
2151876,1
2122559,1
230768,1
951344,1
5808975,1
5757505,1
234739,1
119500,1
3109566,1
5833753,1
5754876,1
1864227,1
3503708,1
3520198,1
1730359,1
3515710,1
5141319,0
2078290,1
5730900,1
4536084,1
4947765,1
5838600,1
3051067,1
714969,1
5857674,1
3597565,1
129358,1
2627111,1
5826184,1
5728121,1
5810503,1
165459,1
1448823,1
2847245,1
3730698,1
656377,1
510705,1
5826335,1
5805451,1
5840274,1
5852080,1
5831731,1
5730058,1
3631852,1
3211526,1
5809990,1
4234371,1
2849940,1
5812954,1
5825897,1
5743731,1
2372028,1
4286820,1
4396998,0
5780781,1
5842081,1
309347,1
5807802,1
5756544,1
5787904,1
5792074,1
5724589,0
5694525,1
5728363,1
5806944,1
4974369,1
2171511,1
682161,1
5839782,1
5729744,1
3442928,1
5840715,1
5760587,1
3141623,1
5174335,1
5838338,1
201366,1
5719361,1
2514190,1
5719576,1
4867872,1
5747485,1
5755257,1
5757484,1
5833481,1
425498,1
5742592,1
5857508,1
5760859,1
5813241,1
4256908,1
207957,1
5760738,1
5757831,1
413879,1
4371173,1
3157017,1
5400267,1
844923,1
5808582,1
5755480,1
5789449,1
2957069,1
323996,1
5728813,1
5841301,1
5306350,1
3319860,1
2962670,0
5783492,1
5858185,1
4820934,1
3370339,1
627461,1
5840591,1
2425643,1
5754175,1
43744,1
4525976,1
4548621,1
5663174,1
5304,1
3828223,1
5741782,1
5692987,1
3387065,1
5607888,1
2313067,1
5698596,1
4721844,1
5754791,1
520807,1
2599478,1
2981484,1
5580356,1
5810482,1
5782897,1
5791983,1
4724966,1
5741700,1
1736735,1
4159429,1
3152290,1
5376700,0
2140348,1
1736641,1
2933139,1
5757167,1
3660526,1
5734391,1
5833098,1
5808902,1
5840247,1
3724071,1
5724600,0
5682081,1
2176758,1
327453,1
2809113,1
5734010,1
5838141,1
5838758,1
195157,1
3277072,1
5857496,1
5754689,1
5787061,1
750444,1
5815571,1
3048807,1
2518527,1
5757961,1
4586959,1
3597462,0
5724253,1
3389032,1
5686267,1
4531838,1
5792083,1
5765135,1
5812356,1
1491548,1
5785544,1
386272,1
3144530,1
5613843,1
4933236,1
568658,0
5010237,1
5741791,1
5399455,1
5723694,1
5743290,1
5808872,1
5757925,1
3986253,1
5857263,1
5753945,1
5684076,1
175319,1
1190917,1
3052916,1
5835720,1
2962607,1
5858073,1
5838440,1
1839805,1
765608,1
3710524,1
197562,1
5755592,1
84804,1
652931,1
4338390,1
5741595,1
4338466,1
5756704,1
5835029,1
5818611,1
3949007,1
2229252,1
480723,1
292944,1
5751820,1
2919973,1
390952,1
5742006,1
5617896,1
5811984,1
1516535,1
275358,1
5784109,1
3852835,1
678566,1
5807437,1
5812682,1
2996536,1
1007958,1
5452033,1
5758874,1
5783223,1
5756795,1
5782178,0
5225143,1
5836718,1
1922396,1
5191882,1
302236,1
1856884,1
1062528,1
5725483,1
2594240,1
5808939,1
376273,1
4497895,0
5754157,1
2796642,1
5806328,1
4153735,1
5857740,1
1213124,1
5685055,1
5741979,1
5809301,1
5655375,0
2161802,1
3922587,1
283054,1
5809534,1
5818536,1
5836138,1
5783625,1
5786840,1
5811274,1
5787708,1
5784985,1
5838486,1
4173836,1
1729438,1
5729306,1
5788938,1
5156902,1
5839287,1
5841981,1
5758285,0
557054,1
5804977,1
5840881,1
1359219,1
235259,1
5753954,1
3184488,1
5097340,1
5720723,1
3311499,0
3201910,1
784364,1
5787137,1
5110995,0
5733509,1
171393,1
5709410,1
5807549,1
5729726,1
4562113,1
5047466,1
3640564,1
861304,1
5609967,0
5838721,1
4261210,1
5734319,1
289270,1
5561131,1
3503623,0
598954,1
2300535,1
2990150,1
4039866,1
5729276,1
433000,1
1431937,1
5680630,1
5855924,1
5557545,1
5786541,1
5782413,1
4754767,1
5830314,1
5751642,1
5811452,1
1161186,1
3679265,1
2412072,1
5820052,1
4173993,1
5839371,1
77486,1
5741269,1
5788059,1
5792720,1
5814716,1
5852419,1
5833511,1
5751679,1
2913092,1
5717778,1
5225862,1
315580,1
3182840,1
2943987,1
5839241,1
5737093,1
5685653,1
1856802,1
5838356,1
377234,1
5808948,1
5758678,1
4868217,1
209102,1
5047309,1
3402388,1
4676298,1
348207,1
5785571,1
5213430,1
1060627,1
2092586,1
5729463,1
5720170,1
600848,1
5838673,1
816050,1
1352564,1
5813399,1
1466359,1
4137511,1
5805198,1
3690596,1
5514829,1
5728541,1
881450,1
5075861,1
1473647,1
75718,1
5837948,1
2506748,0
5112328,0
2742706,0
5809963,1
4156174,1
67610,1
253253,1
3609226,1
2741857,1
5788835,1
5751697,1
3945803,1
2084992,1
5840162,1
5725214,1
149039,1
5785366,1
5807101,1
5759590,1
3349465,1
5833043,1
5792775,0
364690,1
315898,1
967653,1
5829550,1
4262637,1
5806962,1
4157591,1
5807820,1
5836624,1
527178,1
2051538,1
5783773,1
5755716,1
5807679,1
2100940,1
838463,1
2132099,1
5175631,1
5810875,1
2235356,1
5721805,1
4159483,1
5808395,0
5810008,1
20512,0
5691252,1
306243,1
5751978,1
5818219,1
70900,1
4159616,1
5586219,1
1192582,1
5799064,1
4496012,1
781475,1
3338919,1
5734074,1
3762596,1
5757260,1
5785281,1
5753776,1
3196267,1
2187802,1
1231333,1
5720125,1
4340900,1
5792627,1
3233872,1
5162798,1
5720590,1
5741885,1
5169050,1
5718917,1
5213092,1
3839340,1
5781939,1
4536815,1
5555224,1
3366837,1
5718748,1
5608054,1
3350546,1
5839090,1
5398038,1
5743094,1
463379,1
5792328,1
5857973,1
1080595,1
2452890,1
296474,1
4393689,1
5751660,1
5759862,1
974987,1
5691243,1
1453069,1
5742725,1
5785900,1
5759406,1
4727060,1
5719503,0
5691720,1
5840975,1
5754960,0
5798919,1
4648923,1
81933,1
5737123,1
5716146,1
5777567,1
5605370,1
867995,1
5808340,1
3229679,1
5734270,1
5733965,1
3403406,1
5376027,1
5826326,1
5831562,1
3772214,1
4174002,1
553177,1
5585173,1
5850956,1
501105,1
2746263,1
719861,1
4500290,1
5742837,1
2144793,1
3884836,1
5751848,1
5787052,1
1208595,1
5837135,1
5694132,1
5754317,1
5787463,1
4562814,1
51253,1
92658,1
5693014,1
1053339,1
5836419,1
5837069,1
4152701,1
5045677,1
5218967,1
5376652,0
2232412,1
339700,1
5626629,1
3751004,1
5757765,0
5786970,1
5837452,1
2932794,1
5784341,1
4445832,1
5792711,1
2060567,1
4153342,1
229164,1
3905441,1
2146742,1
5818602,1
4420763,1
5729883,1
5835784,1
5755631,1
5780893,1
5758342,0
1823206,1
321451,1
5787285,1
4521633,1
5759022,1
5424937,1
5783924,1
3222157,1
3289338,0
1721786,1
43959,1
350059,1
977072,1
5804801,1
1729456,1
3214424,1
5680658,1
5721412,1
514226,1
5839223,1
4900939,1
3400571,1
5810811,1
5839616,1
5723966,1
3207828,1
5743740,1
5742716,1
3946846,1
3109575,1
5758708,1
5825365,1
1440603,1
3570492,1
475215,1
5835430,1
1006157,1
2125813,1
5729780,1
3939110,1
5778247,1
5782721,1
545154,1
5833052,1
5808890,1
5805910,1
5852147,1
2147637,1
5729502,1
2771694,1
253682,1
494702,0
5836512,1
283353,0
5733778,0
5759693,1
5840939,0
319542,1
52719,1
5756674,1
2314448,1
4154817,1
5689875,1
5728578,1
5764549,1
5653755,1
845760,1
4504476,1
3534029,1
3223408,1
1204533,1
2756422,1
1007248,1
5854721,1
5851953,1
5782637,1
5834264,1
5812589,1
5784275,1
4394873,1
5811573,1
5716212,1
5841507,1
5780875,1
2174624,1
3089819,1
636771,1
3808113,1
3029002,1
5813401,1
5825888,1
1172940,1
990754,1
5855915,1
4104830,1
3558511,1
5742444,1
5779187,1
5787043,1
827869,1
3648300,1
338039,1
5818406,1
2924098,1
2612500,1
5837340,1
5837724,1
359614,1
3234226,1
5785786,1
4446875,1
3357385,1
5806403,1
4172437,1
4867470,1
5787016,1
5164372,1
3741014,0
5798973,1
5812329,1
3952315,1
5851690,1
2177429,1
5683770,1
3069295,1
5742828,1
3824663,1
5817100,1
5729753,1
5784284,1
2174147,1
2443964,1
5805013,1
2102908,1
5555859,1
5741353,1
662770,1
5812918,1
1462650,1
5734216,1
4890021,1
5753011,0
5787511,1
5752984,1
837961,1
3747276,1
5838909,1
5728523,1
2174268,1
5808265,1
2631033,1
5783399,1
465186,1
5306761,1
3120936,1
1852925,1
5782123,1
5212862,1
3923883,1
5444926,1
5789476,1
959779,1
3250020,1
115070,1
3828577,1
874649,1
5723854,1
5727599,1
5537190,1
3634394,1
5724655,1
5332788,1
2177447,1
5842027,1
4532451,1
5857807,1
5781966,1
3202766,1
5743423,0
5723274,1
5785375,1
5715130,1
3388679,1
5745379,1
5704134,1
5280405,1
4979092,1
4673877,1
5810585,1
5725081,1
5741193,1
4443502,1
5743021,1
5757318,1
726364,1
3297490,1
5783214,1
1881822,1
934785,1
4493879,0
3516968,1
5757439,1
2099231,1
3357965,1
4791696,1
275778,1
5726275,1
5818237,1
1721807,1
750350,0
4260745,1
2624923,1
5787315,1
373795,1
5754737,1
5092457,0
2097246,1
1221307,1
5681132,1
5756197,1
2556350,1
2517687,1
640237,1
5557237,1
5787164,1
5684898,1
3136843,1
3300345,1
5836370,1
5785852,1
5798946,1
327042,1
5210792,1
3359941,1
5855885,1
5756740,1
5829372,1
1909212,0
5619461,1
5757130,1
1841349,1
4447292,1
125211,1
5837238,1
1885307,1
4536806,1
5808274,1
2655637,1
5709120,1
5787623,1
3449440,1
5026573,1
5726051,1
272302,1
2972446,1
1005758,1
5851560,1
5779123,1
5789494,1
5851346,1
5808715,1
729646,1
5110173,1
3282852,1
4370895,1
5423855,1
1722000,1
3620285,1
5431999,1
5764521,1
5811368,1
4890816,1
5788116,1
693019,1
3023466,1
5346196,1
204077,1
5728288,1
2095242,1
2252906,1
5742819,1
3676750,1
5737075,1
5014486,1
2466271,1
5835814,1
5715064,1
2599302,1
5811416,1
1081716,1
5752210,1
5742015,1
671642,1
5693041,1
816760,1
5844759,1
83236,1
2876610,1
5789261,1
5341258,1
5783960,1
4229238,1
5716043,1
3945791,1
4048765,1
5831517,0
5837911,1
2314466,1
2661263,1
3816471,1
798576,1
4420165,1
1930524,1
5758351,0
5700622,1
5809150,1
5758490,1
3197620,1
4906463,1
5741737,1
3102464,1
561800,1
5717787,1
5783568,1
5563313,1
5830408,1
5784118,1
845443,1
5725634,1
5758753,1
5825794,1
5825253,1
5833959,1
5679175,1
4415385,1
5779226,1
5839483,1
5401750,1
5844777,1
1251881,1
5858167,1
5857535,1
5756964,1
4493833,1
5853425,1
4664428,1
5755949,0
5836633,1
5486382,1
254308,1
5781948,1
3995666,1
5764606,1
3402061,1
1493654,1
5396230,1
5789298,1
5786550,1
5804829,1
5719772,1
3818804,1
5830369,1
1960437,1
752644,1
5343690,0
5719718,1
5854936,1
4495435,1
3688892,1
4383596,1
5715073,1
5612770,1
4159399,1
5836437,1
5730281,1
5725111,1
464853,1
2700836,1
5757466,0
4493963,1
4405902,1
848109,0
5813308,1
5730272,1
4209164,1
406059,1
5844692,1
912550,1
5690675,1
2920175,1
1122534,1
5765827,1
5737105,1
2876302,1
2076531,1
5839308,1
5829523,1
5808621,1
3047583,1
4159625,1
5730928,1
29560,1
4173591,1
5742565,1
5826278,1
5715046,1
2881548,1
5804146,1
1057243,1
3430260,1
1243608,1
5718739,1
5694057,1
5757550,1
879653,1
5783362,1
5733796,1
3090842,1
5400687,1
5751790,1
3298433,1
4784335,1
175159,1
5561766,1
331133,1
123374,1
5783232,1
2624932,1
5720675,1
5760840,1
1359198,1
5810370,1
12900,1
3863381,1
4053,1
4174075,1
5608009,1
1111435,1
3510724,1
254148,1
5808210,1
5813522,1
5758276,0
4241463,1
466204,1
5808368,1
961192,1
428079,1
5833539,1
5812543,1
3942727,1
1990386,1
1413269,1
5663183,1
64552,1
2377498,1
2949439,1
5857414,1
5812299,1
5759639,1
5751772,1
5826812,1
5726293,1
419161,1
4162625,1
377047,1
4422226,1
5849464,1
5837322,1
5743478,1
3904118,1
5757103,1
5728251,1
5709344,1
5813009,1
3723270,1
2947604,1
2572873,1
4174422,1
5510960,1
5687826,1
5840902,1
400655,1
5612154,1
581602,1
5823615,1
5733947,1
329309,1
5835467,1
5731028,1
5781498,1
4281928,1
3197134,1
5400089,1
5454279,1
193872,1
5842616,1
3438060,1
175627,1
5728457,1
5727900,1
7072,1
5316283,1
5841262,1
851163,1
3597408,1
490450,1
5835346,1
5756366,1
5759349,1
4907013,1
5741577,1
5722389,0
5817212,1
5684825,0
5832448,1
2875202,1
5787874,1
4988656,1
2403481,1
2084965,1
568395,1
2490520,1
147259,1
5308514,1
4162559,1
5785339,1
5831526,1
3184031,1
5592386,1
640095,1
5727683,1
5851337,1
5652431,1
5730245,1
5785227,1
5838392,1
5690367,1
5759460,1
1128639,1
507152,1
5800193,1
3151417,1
872001,1
1433155,1
1011227,1
69762,1
5791965,1
4190936,1
5716324,1
1412655,1
4725749,1
5587690,1
3736627,1
5765779,1
5728064,1
10803,1
5841954,1
3183007,1
1726183,1
373674,1
5851355,1
5709287,1
4534866,1
3881303,1
3122529,1
493107,1
4444639,1
5835421,1
5809824,1
5385878,1
5754018,0
2177250,1
5760475,1
5811377,1
854913,1
4333292,1
5741670,1
5751594,1
4159960,1
3648645,1
5832868,1
4024732,1
5812972,1
5560143,1
2933157,1
5814239,1
2187745,1
773153,1
2531553,1
5726332,1
5838682,1
3412284,1
4464637,1
5751727,1
810058,1
2756909,1
1427275,1
5650772,1
735973,1
5836745,1
5759367,1
961857,1
2817323,1
5808238,1
5734337,1
63742,1
5720693,1
4588533,1
5729418,1
5619957,1
5745333,1
5777772,1
3307465,1
2621089,1
5754924,0
5620935,1
4172905,1
169653,1
31992,1
1496253,1
5752603,1
3355710,1
5808199,1
143952,1
5793213,1
4096216,0
5812600,1
5765863,1
5840872,1
5752621,1
1170665,1
2188993,1
21322,1
5851609,1
5804708,1
5730508,1
495950,1
5754335,1
572075,1
5226131,1
5833454,1
5788871,1
5729678,1
5726882,1
5832251,0
5834965,1
3503007,1
5743281,1
1729979,1
5725595,1
3275939,1
4984229,1
135902,1
5810071,0
5730937,1
2174455,1
5810884,1
5839036,1
5725951,1
5831496,0
1116421,1
5809758,1
5693452,1
390840,1
5718841,1
5514212,1
5783867,1
2771845,1
5720835,1
3640685,1
5832699,1
4442934,1
5806814,1
3453250,1
3476325,1
4155403,1
5727982,1
1857667,1
5156854,1
893752,1
4438366,1
5841347,1
5838767,1
5793174,1
5804173,1
5729548,1
4666833,1
5834947,1
4149813,1
5798928,1
4495976,0
3695984,1
4495640,1
2880792,1
3964194,1
5839429,1
5808779,1
961866,1
5782963,1
693989,1
5839849,1
3721016,1
438564,1
2744438,1
5753561,1
5755435,1
1495470,1
4542197,1
5838918,1
3487611,1
2979977,1
5703511,1
5785311,1
5049134,1
5807008,1
3118410,1
5810325,1
5733732,1
5758762,1
3927162,1
217769,1
5726097,1
5809002,1
295712,1
3106967,1
5722129,1
294395,1
5757251,1
5755985,1
5841066,1
4257802,1
510974,1
5834022,1
5815601,1
5751437,1
4159317,1
3589494,1
3266227,1
3503829,1
4159371,1
5760729,1
696355,1
5725698,1
656461,1
5817043,1
369332,1
5449378,0
2527136,1
5752359,1
5681002,1
548959,1
5756731,1
5552184,1
3202177,1
5512580,1
4154796,1
5764585,1
1819366,1
5316920,1
5728680,1
3627958,1
5756768,1
5835403,1
2752947,1
3856918,1
2797180,1
5156863,1
3069062,1
5014141,1
5685822,1
5716100,1
1473704,1
5721775,1
5318308,1
4495725,1
5811041,1
5765023,1
2741343,1
3740080,1
935773,1
5818273,1
2741400,1
5755565,1
560090,1
5750300,1
4159746,1
5723144,1
44433,1
5755800,1
4310127,1
677578,1
3679500,1
5756133,1
4365275,1
1956047,1
482558,1
5607918,1
2493110,1
5759778,1
5758614,1
258258,1
4845861,1
2174642,1
5838703,1
2174512,1
5723201,1
1838611,1
4299651,1
5709399,1
3312281,1
5758883,1
5727553,0
5788910,1
5723180,1
3430363,1
864471,1
4980520,1
5787520,1
5789328,1
5783586,1
4496049,1
2948553,1
5741522,1
945558,1
2625368,1
5717424,1
199566,1
117074,1
5840014,1
5756816,1
1231968,1
4190954,1
5785601,1
855143,1
5809570,1
5727601,1
2176422,1
5156872,1
3062335,1
5809271,1
5754821,1
5787191,1
5758829,1
5841525,1
5817258,1
5743339,1
5849491,1
5722754,1
5727227,1
5728019,1
261146,1
3203651,1
4640468,1
4825827,1
751722,1
5786457,1
3392975,1
5618594,1
5758696,1
1094314,1
5831487,0
5837902,1
55608,1
2174905,1
2685951,1
3122369,1
5833388,1
5723386,1
304801,1
5840331,1
5850938,1
4400541,1
5839027,1
2128636,1
5789524,1
5818161,1
5826102,1
4935548,1
5777576,1
5723153,1
5829505,1
5717684,1
3587454,1
5745285,1
5680984,1
5805581,1
5397620,1
2299282,1
4829197,1
478766,1
3202168,1
5837591,1
4161039,1
5742097,1
5810044,0
5759545,0
4174413,1
2697123,1
1736959,1
3045721,1
3228814,1
2607038,1
4923497,1
5812253,1
2094731,1
5755743,0
4154394,1
5837117,1
5723210,1
5810455,1
120551,1
5812990,1
5789038,1
5498013,1
5777624,1
690764,1
2474315,1
3143672,1
5663222,1
5806506,1
5723845,1
5810183,1
5722679,1
3375923,1
5830668,1
2323785,1
132013,1
5727713,1
5733424,1
5826157,1
5685130,1
5779235,1
820459,0
169327,1
5605268,1
5852754,1
5752265,1
5839465,1
5723407,1
5785142,1
854548,1
2697132,1
3625600,1
3664588,1
5836231,1
2157216,1
4426952,1
2376464,1
5839063,1
5780736,1
2589853,0
5735428,1
199904,1
3299168,1
837840,1
5752050,1
2295921,1
5734364,1
3967355,1
5856024,1
3078176,1
4868244,1
5694141,1
1145476,1
5842287,1
3763883,1
5652824,1
210407,1
5084957,1
2730048,1
5043002,1
5715082,1
5213458,1
469492,1
5722259,1
5809486,1
2513652,0
3438903,0
625681,1
5733992,1
5730487,1
5840890,1
5840470,1
50694,1
3672444,1
5728185,1
5786934,1
4532590,1
5620926,1
5812619,1
3260467,1
2058340,1
5852585,1
5557684,1
5728420,1
5695193,1
5844272,1
5742435,1
3406180,1
5817276,1
2836324,1
5720152,1
5709214,1
5808788,1
3436187,1
1004274,1
4471466,1
409863,1
2221519,1
5810099,1
1067028,1
5813102,1
5737084,1
1431375,1
5749238,1
5716294,1
5756067,1
942306,1
3628179,1
4102612,1
64619,1
5838123,1
617882,1
5817070,1
5742088,1
5443031,1
3297342,1
2877028,1
2854841,1
5759031,1
674942,1
2858960,1
5838507,1
173801,1
5212826,1
5825280,1
5720349,1
560951,1
5810530,1
5810736,1
5807044,1
352558,1
774,1
3316542,1
5825785,1
5785469,1
1720341,1
5745342,1
5840537,1
2146957,1
154408,1
5719763,1
5586929,1
5857870,1
5371947,1
5793222,0
5554003,1
5759666,1
5806074,1
1003950,1
61841,1
5755006,1
2389062,1
5727357,1
5834237,1
5798759,1
1360064,1
5834189,1
468365,1
3514834,1
5810941,1
2177102,1
5788031,1
3946761,1
5836996,1
986177,1
782986,1
3505225,1
5833744,1
871255,1
3453410,1
3513921,1
3516614,1
5764530,1
3522110,1
2757773,1
375502,1
1856781,1
866055,1
5785405,1
4406048,1
5636824,1
580874,1
5741308,1
5754241,1
5189777,1
4971797,1
4241034,1
4270212,1
5812525,1
4153708,1
5839577,1
5852718,1
2189280,1
5514221,1
5741335,1
5726220,1
5808863,1
5786783,1
3237133,1
5814015,1
627500,1
4126887,1
5010255,1
2749059,1
2070539,1
5559866,1
5792654,1
3856253,1
4014500,1
1388349,1
683364,1
5840489,1
3269536,0
5331473,1
5836316,1
5839009,1
5841516,1
3539583,1
5811005,1
3691472,1
5814761,1
1360019,1
4893611,1
99059,1
3816136,1
3224599,1
417774,1
4495604,1
5808591,1
3282526,1
5724105,1
5757028,1
3502309,1
4427847,1
5759844,1
783554,1
4493338,1
4037077,1
5783821,1
4162504,1
5842111,1
5723706,1
5833379,1
15460,1
5306499,1
5745351,1
4525949,1
5751839,1
4158990,1
5811359,1
5751857,1
5808760,1
5729771,1
691958,1
5818376,1
5787342,1
4494214,1
5811229,1
1457937,1
5721270,1
2131757,1
162878,1
5851663,1
2171883,0
5724888,1
903688,0
4029148,0
5839072,1
5784266,1
3491609,1
5854981,1
5810923,1
5589238,1
2067007,1
5742127,1
5840564,1
242604,1
2741352,1
5835506,1
5786475,1
4662424,1
256786,1
4408592,1
176099,1
3144286,1
5782495,1
4868150,1
5809703,1
5760747,1
3539538,1
2131793,1
3533077,1
5833520,1
5728635,1
5741429,1
803706,1
5756777,1
30146,1
5755202,1
5727674,1
5839719,1
5842326,1
5555000,1
5835618,1
222709,1
3184853,1
4256588,1
613307,1
2918725,1
4914730,1
5010246,1
5741504,1
5825909,1
135706,1
846619,1
5723171,1
3331116,1
5856930,1
3186008,1
5783513,1
5809123,1
1725917,1
11305,1
5692576,1
2808125,1
5757680,1
5729427,1
2651880,1
5835627,1
4957988,1
311461,1
5831740,1
5742912,1
5807633,1
5839492,1
5755453,1
1460722,1
5690086,1
4418603,1
2680648,1
835752,1
4962450,1
5788657,1
5756311,1
5221837,1
4550044,1
708557,1
5727740,1
1726660,1
5719352,1
5759808,1
4985712,1
372976,1
3196388,1
5826232,1
619363,1
5807606,1
5800643,1
3872589,1
3579589,1
5813513,1
4526133,1
1876426,0
5754072,0
5787490,1
1360037,1
5009026,1
5812262,1
3750650,0
5728046,1
4495958,0
918589,1
5837041,1
595047,1
3315077,1
223377,1
966731,1
5851739,1
2641649,1
5757327,1
5537417,1
5734234,1
5760925,1
5397086,1
4867434,1
5720844,1
4495556,1
5844740,1
5724486,0
5785496,1
3920378,1
5837126,1
2214744,1
5742211,1
5727816,1
5701900,1
5730302,1
5806597,1
3103247,1
3634901,1
69605,1
312105,1
5818255,1
5787865,1
5156890,1
5723238,1
796303,1
5852286,1
5792672,1
4437743,1
5752890,1
5857713,1
4741646,1
5308680,0
5743713,1
5783522,1
578059,1
2176767,1
5760037,1
2616179,1
5834938,1
1358490,1
1491360,1
5804070,1
4241070,1
5741111,1
5800465,1
5598959,1
5826429,1
5121759,1
5710957,1
484776,1
5858381,1
639455,1
5730843,1
918664,1
5596825,1
3155808,1
2601559,0
725732,1
5838301,1
689740,1
5724468,1
208244,1
4318637,1
968351,1
5755752,0
5729119,1
5722567,1
3618611,1
5733433,1
5798777,1
5758922,1
5850778,0
2009708,1
5750298,1
5693171,1
3349241,1
5537220,1
2105888,1
424820,1
5811881,1
3389498,1
3736636,1
5818031,1
1856718,1
3672604,1
5756478,1
5190876,1
4459213,1
5112551,1
589729,1
5165904,1
5156845,1
4579465,1
4174404,1
5757420,1
1895137,1
4396617,1
5854918,1
5743272,1
5759394,1
5758735,1
563626,1
5787986,1
1146464,1
5820043,1
2223166,1
5788983,1
5013340,1
970662,1
941475,1
5156911,1
5825299,1
2751829,1
4174431,1
883249,1
4445850,1
546731,1
5782244,1
465038,1
5777914,1
3181870,1
5805189,1
5709081,1
5780884,1
5787502,1
5789252,1
5752283,1
5752498,1
937218,1
288723,1
577052,1
4748533,0
5757587,1
3029048,1
5837108,1
1837829,1
900061,1
3377253,1
3735246,1
3439562,1
3610446,1
3389199,1
5655795,1
5013715,1
5755798,1
5734346,1
5755118,1
5782114,1
3393123,1
5811519,1
455936,1
5787128,1
4305150,1
5757738,1
200172,1
5851038,1
4397128,1
5301636,1
1157581,1
3622814,0
5854673,1
2174606,1
690577,1
2169808,0
5709296,1
1994816,1
2631864,1
248969,1
5809691,1
1217104,1
5735398,1
5339705,1
5534649,1
5841356,1
3085923,1
2948058,1
5834992,1
5789243,1
5605277,1
5857786,1
5786710,1
2968805,1
5809280,1
3514768,1
5792104,1
568359,1
5786680,1
5784930,1
3677971,1
2436425,1
5849503,1
5810727,1
5755686,1
5810697,0
2174772,1
5755024,1
5809440,1
5783380,1
3820124,0
5620636,1
52951,1
4992260,1
5783166,1
3373107,0
3584239,1
4643375,0
3505917,1
5722295,1
802996,1
5151756,1
5798692,1
5829363,1
2545215,1
4449531,1
5704442,1
5760895,1
3625888,1
414894,1
5857946,1
5834255,1
3794298,1
5851841,1
5787771,1
3281574,1
463342,1
5721784,1
5742051,1
1180776,1
1920422,1
455105,1
643368,1
5512900,1
4654960,1
2367,1
2607467,1
643452,1
5788684,1
5802722,1
3816547,1
5840845,1
4485267,0
5791871,1
1843763,1
3924808,1
3547319,1
218775,1
5558832,1
471749,1
5832578,1
5811500,1
5726172,1
3721669,1
5741317,1
5515741,1
5590515,1
651765,1
702199,1
2652430,1
5605446,1
5780857,1
2471239,1
5842205,1
3535848,1
4154826,1
5759769,1
5741296,1
5839906,1
3134399,1
5735370,1
1414378,1
903455,1
3527861,1
2288277,1
5813531,1
3652839,1
489043,1
5858082,1
333182,1
4935221,1
5725326,1
2880738,1
5786327,1
5756517,1
446055,1
5716959,1
5754081,0
4644121,1
5825114,1
5729155,1
5785795,1
2529019,1
5742172,1
4887508,1
5723247,1
91053,1
5791938,1
5770858,1
4255527,1
5806476,1
5810688,0
5813447,1
5728055,1
3779718,1
5786345,1
5839812,1
5728260,1
411624,1
5728448,1
2462161,1
3690925,1
5727535,1
444659,1
5308055,1
729374,1
2991223,1
5841552,1
5400409,1
5742033,1
5724020,1
5754616,1
5812208,1
5857777,1
5757381,1
3558696,1
4124810,1
3672677,1
5836110,1
5805817,1
4036810,1
5725205,1
854016,1
1459708,1
5749229,1
5742770,1
3191534,1
465757,1
5837694,1
5838990,1
5734289,1
5832242,1
5515488,1
5805170,1
805670,1
5851793,1
5841244,1
4118202,1
5722370,0
5742181,1
5785973,1
5800661,1
1187298,1
2803915,1
49241,1
5838347,1
3102455,1
5758454,1
1832132,0
809856,1
5729203,1
4526085,1
5752555,1
5800670,1
2342487,1
5684768,1
1054729,1
2066336,1
2875387,1
3439610,1
5722437,0
2332620,1
5836277,1
4569019,1
632791,1
4464963,1
3923874,1
624161,1
5765881,1
5786617,1
5753972,1
2046468,1
5829596,1
5742864,1
5836615,1
4495912,1
5828197,1
5854785,1
1728655,1
444565,1
5757532,1
5826287,1
4463694,1
5839447,1
5777558,1
5808966,1
2223148,1
2489430,1
567316,1
5818198,1
5818246,1
1299070,1
5558850,1
5087239,0
5856855,1
5727870,1
4718152,1
5759161,1
5840087,1
2177193,1
5840966,1
5742378,1
264558,1
5378012,1
5811210,1
2261917,1
5857478,1
5825860,1
3290884,1
1721816,1
5841217,1
3393271,1
598646,1
4158383,1
5742949,1
5839111,1
3539257,1
4935584,1
3943210,1
608554,1
5751905,1
5737196,1
4496030,1
3591059,1
4156213,1
5858103,1
5783791,1
4362733,1
4747910,1
5788956,1
3475346,1
5759611,1
3475681,1
5759723,1
5730263,1
622653,1
265407,1
2292162,1
3538625,1
3684287,1
5447039,1
711454,1
5326899,1
2523491,1
503640,1
2059301,1
2174932,1
5678413,1
3550289,1
385033,1
4717810,1
3672323,1
5742882,1
5777633,1
5719697,1
5792113,1
5835252,1
5784257,1
2754222,1
2752200,1
5760493,1
1122301,1
3375268,1
1142514,1
384353,1
5829420,1
5126370,1
5724909,1
4261603,1
2935414,1
1095058,1
5680238,0
2336721,1
5754205,1
5050363,1
5835702,1
5741362,1
4452410,1
5719857,1
3105465,1
5743311,1
5785030,1
3171451,1
5817306,1
5729623,1
5808283,1
4173984,1
5188668,1
3446935,1
3499315,1
3453232,1
5730889,1
5841897,1
5580691,1
5780679,1
5580767,1
5787070,1
5839924,1
896427,1
4905859,1
5753990,0
5612118,1
5782534,1
5756290,1
506940,1
3722853,0
5146060,1
5838589,1
5840292,1
5852352,1
161394,1
3029039,1
5474839,0
4155319,1
5810361,1
729459,1
5754830,1
2604569,1
398350,1
5786288,1
5783915,1
5850769,1
5835195,1
5730834,1
2406295,1
5657829,1
4949303,1
5789001,1
2876076,1
5557899,1
4152390,0
5838169,1
5756106,1
5384693,1
5741184,1
3312124,1
5810642,1
5818152,1
68813,1
4275338,1
5811386,1
3635207,1
5720741,1
3536751,1
5723126,1
54049,1
5854888,1
4157555,1
5397040,1
1868458,1
5728916,1
5836400,1
363255,0
3389014,1
5533585,1
3070929,1
5836240,1
5728747,1
5607927,1
2625322,1
5047130,1
5419214,1
5214558,1
5726305,1
5813362,1
3370290,1
780049,1
4159876,1
5742239,1
5156836,1
5808292,1
5307674,1
5787847,1
2174987,1
5798834,1
3499249,1
525549,1
5755864,1
5743236,1
5810558,1
4802994,1
5756852,1
5758940,1
4083382,1
5683686,1
5807017,1
5686025,1
5856154,1
5742846,1
3340426,1
5753048,1
212193,1
5742734,1
5783531,1
534345,1
5210813,1
5742387,1
3371934,1
1720695,1
5756759,1
5784510,1
4180692,0
5451867,1
5743197,1
5752537,1
5841655,1
2430227,1
4174552,1
3542480,1
5307320,1
808587,1
5831553,0
1209471,1
5838749,1
5718757,1
804338,1
5784220,1
5810026,1
5759321,1
5786046,1
3815157,1
2723862,1
5585678,1
131173,1
4548425,1
3495018,1
5787735,1
4495471,1
3633472,1
5753963,1
5710890,1
5785160,1
5730151,1
2071116,1
427803,0
2516046,1
5838730,1
3632158,1
864752,1
4893134,1
5851542,1
3358289,1
4486161,1
5290749,0
5207372,1
1433548,1
1736650,1
1457919,1
5851168,1
5842175,1
5754997,1
3947049,1
5780688,1
5758838,1
5826090,1
15367,1
2988924,1
2119728,1
935858,1
5841075,1
2040158,1
5756722,1
424558,1
2366492,1
5730919,1
3183230,1
5759620,1
82426,1
3926316,1
5730357,1
5754951,0
5783849,1
2121600,1
774235,1
2646475,1
5396810,1
891356,1
4412188,1
5785085,1
3524226,1
5830387,1
160650,1
1029286,1
1723445,1
9227,1
5716173,1
200042,1
2551195,1
5743115,1
2471060,1
5787883,1
5826670,1
5412457,1
915757,1
5792645,1
5810781,1
5758593,1
4933786,0
5678431,0
5763001,0
3841660,1
2949653,1
1730331,1
459402,1
855367,1
5839353,1
3544961,1
5782020,1
3928981,1
4933517,1
3663732,1
764142,1
5693050,1
5729490,1
5730384,0
109305,1
5750337,1
5725166,0
5783951,1
5734775,1
4521464,1
3946305,1
5763113,1
364337,1
5751709,1
5196609,0
5833557,1
1493636,1
3393235,1
5734243,1
3519080,1
5723621,1
3644272,1
5770894,0
5810204,1
197807,1
3745870,1
2652140,1
566168,1
2568102,1
5424900,1
5857692,1
51347,1
287856,1
3506268,1
5741830,1
4665407,0
5734476,0
5759040,1
5612136,1
1387575,0
5716052,1
5737169,1
5829671,1
3623594,1
5723649,1
5814024,1
518505,1
966768,1
3724772,1
2378301,1
5810624,1
5745315,1
4521437,0
5842296,1
1730340,1
5760046,1
1947102,1
5617038,1
5756955,1
5780772,1
5835104,1
710701,1
5730946,1
5758913,1
4845825,0
5840519,1
5834910,1
590248,1
2208958,1
5793204,1
5805134,1
2690236,1
4024125,0
5834161,1
5754250,1
4275329,1
2838935,1
2512084,1
5842269,1
2835327,1
3792436,0
1926376,1
257710,1
5728644,1
5812374,1
3319936,1
5849482,1
5681039,0
5756227,1
5717415,1
2622059,1
5825356,1
5838860,1
5210989,1
2730280,1
913258,1
3037614,1
590369,1
5851047,1
5798683,1
5117510,1
5806289,1
3216370,1
5747494,1
3293362,1
5838598,1
3679386,1
5834741,1
989141,1
5807343,1
5743106,1
5835364,0
5785106,1
5376698,0
107262,1
797645,1
5809598,1
4174486,1
2295538,1
4166155,1
5851467,1
2174585,1
3822632,1
3138838,1
5715000,1
5790043,1
272825,1
2303741,1
659574,1
3445349,1
5205707,1
161965,1
5685149,1
225540,1
1451971,1
5011588,1
4400457,1
1048894,1
5840694,1
4794240,0
5858372,1
3060591,1
5720778,1
5782141,1
1161216,1
3340686,1
5835533,1
2915283,1
5794872,1
5735419,1
3602049,1
4400943,1
931289,1
5826764,1
5720246,1
4251396,1
2177139,1
3726048,1
4181206,1
22262,1
684352,1
5805620,1
5838954,1
4648231,1
641140,1
1464766,1
5858206,1
5840498,1
5792618,1
5724824,1
5731073,1
3029020,1
5730197,1
5807334,1
4174084,1
2835765,1
5857290,1
3390971,1
3783331,1
5813250,1
5792319,1
474067,1
5826111,1
5838226,1
5719790,1
2716828,1
5812338,1
1009309,1
257868,1
5729379,1
5788817,1
5839232,1
1492152,1
3459690,1
5752229,1
5805899,1
5451728,1
5779169,1
5791974,1
5808564,1
5759705,1
3511459,1
5825981,1
1138450,1
3050378,1
4423399,1
5838374,1
5807174,1
3182149,1
5071153,1
5680265,1
5807857,1
5834068,1
805465,1
2224220,1
5534658,1
5857795,1
4158365,1
146663,1
5754054,0
5754728,1
41218,1
5188677,1
5798955,1
2447672,1
1730304,1
5786943,1
5850732,1
5838187,1
5858448,1
5785290,1
4495743,1
5820388,1
5806784,1
1016008,1
5842344,1
101019,1
5733956,1
3392087,1
5297850,1
5837582,1
3207921,1
5851645,1
5809477,1
5731055,1
5169041,1
5758968,1
5813214,1
5838972,1
5786448,1
2680572,1
2113294,1
5745472,0
5830396,1
2603665,1
5786729,1
2064565,1
5813193,1
713261,1
5335163,0
5741746,1
838043,1
1883965,1
138716,1
577566,1
4905877,1
2621016,1
5764482,1
5759871,1
3315237,1
5167065,1
1392029,1
5812927,1
5788143,1
1167441,1
5741232,1
5786354,1
3148088,1
5856976,1
3633566,1
5561793,1
5839139,1
5833829,1
5733741,1
5841392,1
5727236,1
5757710,1
5809776,1
5786309,1
848257,1
5858288,1
3363975,1
5605473,1
5730067,1
5278662,1
5841589,1
578077,1
5726556,1
5830417,1
4445403,1
2943325,1
4367082,1
1163425,1
5783045,1
5836585,1
1516610,1
5759479,1
5783906,1
987053,1
4985806,1
5425532,1
5841888,1
5709577,1
5556230,1
917283,1
5842072,1
5720116,0
5742855,1
540775,1
186959,1
5727441,1
4869018,1
1429907,1
5811153,1
5754380,0
3733279,1
837354,1
5812655,1
5785647,1
5805077,1
5813504,1
5650857,1
5807099,1
3402502,1
2176374,1
3832006,1
5767607,1
2748360,1
22075,1
5841020,1
5720545,1
5729874,1
5169667,1
5787276,1
4310042,1
4275310,1
5570638,1
1017975,1
5753543,1
5806896,1
2079617,1
5834929,1
5620971,1
250104,1
5723256,1
5561328,1
336950,1
2495422,1
5858251,1
3108466,1
100571,1
4173797,1
5729173,1
2348715,1
5161812,1
5833799,1
4173966,1
5786916,1
1242021,1
5788004,1
5839018,1
5837461,1
5690741,1
5722455,0
5858055,1
5212844,1
3143159,1
3964699,1
305518,1
3189906,1
3043101,1
5757279,1
5842157,1
5656701,1
2077202,1
3165405,1
2482002,1
5040168,1
421472,1
2797555,1
5729137,1
5113987,1
3118380,1
5810400,1
5681020,1
5729249,1
5785441,1
5807222,1
376853,1
3639522,1
5723993,1
39952,1
5729388,1
3958830,1
2514266,1
714437,1
4730967,1
5479478,1
3582712,1
5756085,1
1412646,1
5850808,1
4495828,1
3301360,1
3977859,1
2506805,1
5808546,1
5692567,1
676843,1
5757822,1
5424834,1
3609534,1
886651,1
915300,1
4152738,1
5725401,1
5605307,1
3409734,1
4162522,1
5818349,1
5788853,1
5760907,1
184816,1
3137626,1
5788899,1
5852017,1
664206,1
3167838,1
444510,1
5812187,1
5719521,0
2584933,1
5743348,1
3665035,0
5231126,1
5833762,1
2437879,1
2349516,1
113263,1
1248005,1
5734720,1
2271662,1
5759059,1
1127173,1
5727508,1
4201775,1
5725018,1
5794621,1
5851056,1
4444769,1
2742210,1
1725908,1
5809468,1
5834125,1
2859444,1
5806056,1
3663349,1
5760541,1
3739105,1
5852325,1
4024769,1
5807370,1
5751455,1
5742417,1
258490,1
5802601,1
5723911,1
4493329,1
134651,1
5726631,1
5743508,1
3203222,1
2143563,1
5433715,1
240217,1
5742426,1
4156165,1
5777585,1
2535887,1
5755136,1
5857571,1
5844469,0
5834666,1
5856060,1
5830323,1
5813090,1
5785188,1
4302421,1
5830293,1
3662502,1
5754438,1
1721179,1
5841338,1
5785937,1
2659327,1
4153445,1
5755510,1
747967,1
5839942,1
5752948,1
5722138,1
2651947,1
5344839,1
713047,1
3224713,1
571304,1
5727311,1
2642039,0
5786859,1
5783728,1
5788125,1
5728943,1
1838367,1
682291,1
3854268,1
5701807,1
5745418,0
675882,1
5839933,0
429852,1
5787034,1
5695063,1
921927,1
5818693,1
4224439,1
5818424,1
5300581,1
5854806,1
5722950,1
21573,1
864846,1
3129603,1
5657427,1
5828704,1
5780718,1
3183708,1
5725522,0
3390597,1
4196657,1
4495453,1
4759379,1
5720367,1
5834077,1
5401769,1
5750328,1
5684937,1
5377127,1
719599,1
5799055,1
3719497,1
537056,1
4868927,1
348953,1
5754634,1
5787717,1
119630,1
5807156,1
119528,1
5813559,1
3804535,1
2174183,1
1180244,1
1000379,1
5812561,1
4978705,1
5836464,1
5742275,1
542939,1
5841299,1
420149,1
3678512,1
5842362,1
3946855,1
5772610,1
5742930,1
642923,1
4985897,1
5725090,1
169158,1
417064,1
3234093,1
5756786,1
5825178,1
5782619,1
3679443,1
5783241,1
4174516,1
2352598,1
5809879,1
5724075,0
5809011,1
3982161,0
328861,1
5728242,1
5752461,1
5832327,1
3589739,0
629353,1
1729997,1
3389957,1
4162531,1
5837256,1
242051,0
2072412,1
5014833,1
5855849,1
3671447,1
5809909,0
5824854,1
5831535,1
4492153,0
5043084,1
485867,1
5694093,1
5730469,1
5851878,1
495857,1
367299,1
3660508,1
3886205,0
1361454,1
758851,1
3202159,1
5719400,1
448808,1
69717,0
5783616,1
796705,1
5789551,1
957412,1
2631510,1
5716285,1
2732565,1
4495499,1
5791992,0
5605316,1
5754746,1
5721690,1
3160183,1
5755855,1
312730,1
3213687,1
5734485,0
5075768,1
673440,1
5838235,1
5858420,1
5807307,1
3243077,0
2419062,1
3824681,1
5842063,1
186155,1
5842278,1
2631891,1
47256,1
5783595,1
5767625,1
5557282,1
5583030,1
2189637,1
5716557,1
1881402,1
5728662,1
4865364,1
2131908,1
4437190,1
3439496,1
5764491,1
5779280,1
5829336,1
4496160,0
5751736,1
5805200,0
5839474,1
5809365,1
893855,1
754303,1
2736714,1
691266,1
5745397,0
5812150,1
2639020,1
5742369,1
3677999,1
5723872,1
5722633,1
503172,1
5837023,1
5566109,1
5693126,1
5779178,1
5727731,1
5812628,1
2972044,1
5837827,1
5722099,1
625140,1
5755408,1
3475887,1
3406818,1
5835122,1
2174334,1
105268,1
1411313,1
5306659,1
1959253,1
4868169,1
5837005,1
3823965,1
5719709,0
251017,1
2855156,1
1204618,1
865777,1
2592741,1
3749010,0
2092568,1
5799121,1
5755181,1
4159447,1
5721346,1
5782543,1
5789092,1
3641918,1
81951,1
3818635,1
5751802,1
5783540,1
5759648,1
1001406,1
5728783,1
809472,0
5718832,1
5829493,1
5809721,1
5777398,1
5756049,1
780124,1
5173486,1
821858,1
5787258,1
5851001,1
5684348,1
5812936,1
710176,1
780218,1
2646493,1
4054168,1
3945830,1
5423042,1
3404412,1
4828985,1
256759,1
4673886,1
2073969,1
2096717,1
5826746,1
5724310,1
1673429,1
3072875,1
2728353,1
4664316,1
4496085,1
5743571,1
5752845,0
5784695,1
223573,1
845425,1
5814734,1
5809057,1
3511280,1
2174464,1
2218742,1
5812244,1
100188,1
739403,1
5783812,1
5782598,1
5833061,1
1118621,1
1024508,0
5779150,1
3818840,1
910565,1
5783755,1
5742976,1
511074,1
2733713,1
2294607,1
5756414,1
139469,1
5826045,1
5856136,1
5842148,1
4977409,1
4663757,1
5808573,1
5562231,1
5808827,1
5789083,1
5844683,1
4158271,1
909260,1
2809029,1
5826719,1
5720237,1
5729164,1
429562,1
5514454,0
5757475,1
5789216,1
5798898,1
2949457,1
5723890,1
5786868,1
5788068,1
2718578,1
3234936,1
4644279,0
5837881,1
3658073,1
188926,1
5723760,1
5724002,1
5755501,1
5727478,1
1015560,1
5723265,1
5783287,1
4493888,1
3730399,1
5806579,1
5841691,1
181637,1
5794591,1
929651,1
5804865,1
5803569,1
5651274,1
982423,1
5472086,0
54740,1
4418676,1
3769045,1
5784190,1
5838020,1
4182128,1
5813492,1
3730269,1
5813205,1
2352561,1
4217329,1
3296895,1
2839222,1
5794649,1
5785656,1
773171,1
1168608,1
566869,1
32841,1
5759787,1
5807138,1
2083829,1
2092148,1
5312155,1
135470,1
4626024,1
5809851,1
5854703,1
1915419,1
5757224,1
5785964,1
5733367,1
3546787,1
3513725,1
614902,1
5834004,1
5150142,1
5723135,1
5842018,1
5758771,1
5743012,1
919344,1
3503182,0
3665503,1
2312583,1
1725944,1
5743469,1
5741205,1
4868141,1
5752162,0
4155328,1
5589126,1
5804155,1
5809860,1
5758977,1
5742574,1
5725278,1
5755994,1
4493945,1
5684094,1
5858260,1
5758034,1
5719633,1
2097376,1
2736068,1
4153315,1
38740,1
5741447,1
5596236,1
5756030,1
5476105,1
5834059,1
5757185,1
5553501,1
4844891,1
5804874,1
5842371,1
5836334,1
5809954,1
5807464,1
5473560,1
4297817,1
5725139,1
2088132,1
899642,1
5804098,1
2313508,1
5741483,1
5743432,1
5720059,1
357526,1
5784855,1
5785076,1
4724546,1
5841945,1
5789104,1
5763092,1
187778,1
3393066,1
5832363,1
5840809,1
5607909,1
97037,1
5393921,1
5723199,1
4722065,1
5756236,1
619327,1
5659588,1
5399905,1
4804206,1
5719688,1
5836343,1
1000904,1
5812271,1
105138,0
5788086,1
3389881,1
5791853,1
4159456,1
4226835,1
724548,0
247476,1
3784963,1
4261171,1
3498439,1
830412,1
707840,1
5835056,1
5730964,1
5814743,1
5788022,1
5734355,1
519762,1
5725915,1
5726024,1
4466172,1
1245415,1
4159166,1
3677458,1
5786381,1
3792191,1
2626123,1
4794482,1
3475083,1
4796066,1
750042,1
2881173,1
2483876,1
1904413,1
5800689,1
2270236,1
3118353,1
4654036,1
3234927,1
5563340,1
5787230,1
4462277,0
5810295,1
5808984,1
3392292,1
501981,1
5812570,1
5804959,1
1730322,1
3202962,1
5536746,1
5840984,1
3937620,1
5765032,1
5127005,1
4540812,0
5616349,1
1870714,1
5741540,1
5787007,1
141556,1
5813997,1
5805901,1
3678875,1
403067,1
5831852,1
646275,1
3188093,1
731425,1
403263,1
5225509,1
2741419,1
2849799,1
3484955,1
989329,1
5743320,1
5684106,1
3149937,1
5852183,1
5657285,1
3287455,1
5709232,1
3511338,1
5780866,1
5799130,1
3284913,1
5759424,1
3190023,1
2161718,1
5804986,1
5755079,1
2176075,1
5758016,1
4446848,1
1062715,1
5729847,1
3770872,1
5789319,1
1730162,1
4157537,1
12094,1
3521074,1
5836295,1
5783830,1
2855978,0
5447187,1
5841413,1
5802692,1
3195457,1
5812981,1
155263,1
5825187,1
3120413,1
1155,1
5787454,1
5704796,1
5752920,1
5729315,1
3665099,1
180957,1
640554,1
5841002,1
3926781,1
944841,1
2314457,1
3577174,1
4159184,1
5730094,1
2942823,1
3136357,1
3444874,1
5831580,1
5785393,1
5783175,1
2092595,1
5784202,1
5693461,1
4340115,1
3359914,1
4958798,1
2146911,1
5218958,0
2064275,1
1143566,1
3518234,1
1459191,1
3640359,1
5285398,1
5807790,1
5754456,1
5743227,1
5813120,1
5815599,1
325235,1
3803846,1
5807213,1
1117129,1
5723331,1
5757840,1
442356,1
5692585,1
106863,1
5837836,1
5759312,1
850773,1
1007734,1
5831647,1
912064,1
2836726,1
5783296,1
3823956,1
4162492,1
3234392,1
529060,1
5475751,1
1232497,1
2138868,1
5788666,1
2879956,1
5809356,1
5835597,1
5725063,1
5818581,1
5754915,0
5825196,1
211123,1
398127,1
3531064,1
5806654,1
987352,1
709648,1
5053524,1
972358,1
5842184,1
5760710,1
583754,1
2876665,1
4873529,1
520209,1
3948345,1
4750451,0
1521258,1
2746638,1
5725335,1
5757804,0
5722530,1
4480084,1
3486388,1
5730955,1
4528977,1
3452628,1
2076447,1
5734113,1
5720796,1
4493909,1
4370532,1
4934943,1
5726202,1
2945749,1
5838477,1
5812703,1
445469,1
5812758,1
5658059,1
5831692,1
290931,1
5227101,1
5784136,1
2324157,1
5793192,0
1720118,1
5807455,1
5011001,1
482651,1
3142732,1
5779673,1
5842090,1
4187945,1
5833892,1
5223626,1
5049572,0
5752407,1
3389069,1
5742622,1
2277860,1
4794914,1
4906847,1
5728167,1
2217932,1
5782628,1
1206546,1
5423798,1
5851159,1
3923294,1
2620439,1
2396882,1
3590883,1
499417,1
5727580,0
5741157,1
3662379,1
5844535,1
5752153,1
5730432,1
213033,1
5592304,1
3969292,1
5743245,1
2808750,1
4169503,1
3730157,1
2169639,1
5801314,1
5787173,1
5813335,1
2169983,1
3359932,1
5214080,1
5709241,1
5538115,1
5734047,1
4985815,0
74001,1
435666,1
5757989,1
5836165,1
5837096,1
3340471,1
3311604,1
735571,1
5760000,1
564052,1
2086026,1
2148616,1
4289867,1
2327484,1
5789186,1
1836121,1
4227216,1
704401,1
5729294,1
5756450,1
5785610,1
2122540,1
4840361,1
5839250,1
5558092,1
5722736,1
5533660,1
2757483,1
5809169,1
5786372,1
5758315,0
5818358,1
5835515,1
5832233,1
2008596,1
157650,1
5620113,1
5077940,1
5758427,0
1739101,1
619765,1
401951,1
1238444,1
2011729,1
5592797,0
235352,1
5755976,1
5741148,1
605580,1
5837283,1
5783072,1
5782383,1
4173395,1
5788303,1
5782301,1
5792065,1
5809235,1
633042,1
4174392,1
5757158,1
3273953,1
4099244,1
2568607,1
3949128,1
4174534,1
5831674,1
761909,1
5390537,1
4495592,1
5279735,1
420578,1
2869340,1
5591482,1
5808724,1
5727898,1
598570,1
5772674,1
4174495,1
5800166,1
5453768,1
5734421,1
5808528,1
727101,1
3318108,0
4494027,1
2761789,1
5011225,1
391650,1
5759527,1
5725791,1
453839,1
3720233,1
5786260,1
5779310,1
5751763,1
5809842,1
3113992,1
2354985,1
989767,1
5011065,1
5802740,1
8154,1
639240,1
5399866,1
3050127,0
5784323,1
5813933,1
3204407,1
1846120,1
5762992,0
5061088,1
5782552,1
5680939,1
5781500,1
220358,1
5798937,1
952172,1
5307094,1
5835805,1
31554,1
5741326,1
5837087,1
536545,1
5654323,1
5840667,1
5788826,1
5499690,1
5841329,1
2673819,1
4547914,1
904984,1
3131651,1
3182224,1
5785209,1
5764473,1
2323776,1
3597538,1
5733983,1
1163108,1
5755695,1
542872,1
346810,1
5832309,1
5721618,0
1721955,1
347198,1
5788705,1
4294982,1
5855951,1
5743674,1
537168,1
4848929,1
5719567,1
2116268,1
5852222,1
5826241,1
3399152,1
4201391,1
5754184,1
4841685,1
4173470,1
5727768,1
5811461,1
5726266,1
5535981,1
5755725,0
465999,1
5777923,1
5734038,1
5831601,1
5331811,1
3600054,1
4495613,1
5809244,1
615404,1
5805929,1
2305727,1
5838936,1
5784565,1
5733376,1
5785629,1
1134229,1
2646466,1
5729230,1
5784387,1
3402052,1
5807996,1
5842223,1
5047505,1
608460,1
5078068,1
296700,1
4565048,1
3208508,1
5743124,1
5815740,1
3133909,1
106760,1
5764464,1
4121033,1
5757783,0
5693005,1
3484124,0
4021834,1
5397077,1
4234429,1
5719642,1
3672798,1
5752041,1
441304,1
1211906,1
5858215,1
5752694,1
2830694,1
5784873,1
3923780,1
5782776,1
5687545,1
3817311,1
4896854,1
5620878,1
3762532,1
3599608,0
3417195,1
3725005,1
1078958,1
956965,1
4784456,1
5791901,1
